pc11_village_id,village_name,state_name,district_name,subdistrict_name,latitude,longitude,ntl_2019,ntl_2020,ntl_2021,ntl_2022,ntl_2023,ntl_2024,ntl_trend_slope,built_2020,built_2021,builtup_change,pop_2019,pop_2020,pop_growth_rate,ndbi_2019,ndbi_2024,ndbi_2020,ndbi_2021,ndbi_2022,ndbi_2023,ndbi_trend_slope,ndvi_2019,ndvi_2024,ndvi_2020,ndvi_2021,ndvi_2022,ndvi_2023,ndvi_trend_slope,tower_density_2024,tower_growth,dist_city_km,dist_highway_km,ntl_growth_pct,ntl_growth_log,ndbi_growth,ndvi_growth,s1_vv_delta,ntl_breakpoint_year,ntl_pre_slope,ntl_post_slope,ntl_acceleration,ntl_growth_log_pct,ntl_growth_log_score,ntl_trend_slope_pct,ntl_trend_slope_score,ntl_2024_pct,ntl_2024_score,ndbi_growth_pct,ndbi_growth_score,ndbi_trend_slope_pct,ndbi_trend_slope_score,ndvi_trend_slope_pct,ndvi_trend_slope_score,s1_vv_delta_pct,s1_vv_delta_score,tower_growth_pct,tower_growth_score,pop_growth_rate_pct,pop_growth_rate_score,builtup_change_pct,builtup_change_score,ntl_acceleration_pct,ntl_acceleration_score,dist_city_km_pct,dist_city_km_score,dist_highway_km_pct,dist_highway_km_score,ml_growth_prob,ml_growth_prob_score,spatial_lag_score,composite_score,district_rank_pct,multi_signal_confirmed,confidence_score,signals_active,signals_attempted,inter_signal_agreement,rank,shap_top1,shap_top2,shap_top3,archetype_name
8703120607,Village_8703120607,Uttar Pradesh,Aligarh,,27.8557149,78.2380976,1.3953226,1.9407012,1.7454244,2.5128253,4.280422,5.4153986,0.796769826752799,1.0,1.0,0.0,7.8495717,,,-0.1749647,0.10202219,,,,,,0.2503425,0.19343878,,,,,,0.0,0.0,18.77,137.41,288.11086411128144,5.6668102273936425,0.27698689,-0.05690372,,2023.0,0.3157231299999999,1.1349766,0.8192534699999999,96.337774003503,83.96518507062834,89.56000212302956,24.67861472991161,77.71880473435593,15.672850448222702,3.2146205969251453,100.0,50.00088459565133,0.0,50.00088459565133,0.0,50.00088459565133,0.0,46.56776887284822,0.0,50.00088459565133,0.0,46.17412380800736,0.0,81.22180351361392,43.35524476695491,18.08909647400173,9.92728503118636,65.34950374183961,28.776537492484326,99.9979595048656,99.99991266967017,52.44251610561548,78.83520880053084,100.0,True,69.2,9,13,46.8,1,ndbi_growth,ntl_growth_log,builtup_change,Urban Fringe Expansion
8735721831,Village_8735721831,Uttar Pradesh,Aligarh,,27.8273634,78.2175302,3.4234507,2.7429042,2.6260152,3.3447466,11.458335,16.395496,2.620721483230591,1.0,1.0,0.0,13.395564,,,-0.09486552,0.05219439,,,,,,0.20779525,0.31758067,,,,,,0.0,0.0,17.79,137.96,378.9172515322041,5.939953469881692,0.14705991,0.10978542,,2023.0,-0.0353001299999999,4.9371610000000015,4.972461130000001,98.34934451462236,93.51737996025396,98.97209985315712,99.08386182866484,97.09321868973691,62.426955087937166,2.98993330148789,80.13853091269326,50.00088459565133,0.0,50.00088459565133,0.0,50.00088459565133,0.0,46.56776887284822,0.0,50.00088459565133,0.0,46.17412380800736,0.0,99.14548060081736,100.0,16.515400810289616,9.145232030337274,65.552960741645,28.899561943482126,99.99417148693452,99.99612457600556,53.91108994549335,78.18089688506241,99.50248756218906,True,69.2,9,13,37.2,2,ndbi_growth,ntl_growth_log,builtup_change,NTL Breakout
2751551923,Venkatapuram,Telangana,Mahbubnagar,,16.2689024,77.5627229,1.3800914,1.102555,1.7387588,3.6205878,3.9734805,5.4373918,0.879460198538644,0.0,0.0,0.0,4.171371,,,-0.06798877,0.08472658,,,,,,0.0005844224,0.24379599,,,,,,0.0,0.0,22.27,158.65,293.98780399617016,5.686934013099336,0.15271535,0.2432115675999999,,2022.0,0.1793337,0.9084020000000002,0.7290683000000001,96.5642304902429,84.66894153638185,91.16465863453816,28.05183875345551,77.92049254285865,15.766499196198492,3.009394405817101,81.30307075880432,50.00088459565133,0.0,50.00088459565133,0.0,50.00088459565133,0.0,46.56776887284822,0.0,50.00088459565133,0.0,46.17412380800736,0.0,78.0584894644658,41.988440769315154,23.854006333704863,12.720331462790242,72.1193142614511,33.52751810919919,99.99727553081853,99.99922868194844,47.46554439466557,74.43282966061184,100.0,True,69.2,9,13,47.5,3,ndbi_growth,ntl_growth_log,builtup_change,Urban Fringe Expansion
8735721830,Village_8735721830,Uttar Pradesh,Aligarh,,27.829098,78.2221628,3.0125494,2.4172237,2.3633509,3.054047,7.159562,10.478089,1.4927260330745151,1.0,1.0,0.0,13.98723,,,-0.12665729,0.06417814,,,,,,0.19969496,0.24207255,,,,,,0.0,0.0,18.14,138.17,247.81467815930256,5.516708354941972,0.19083543,0.0423775899999999,,2022.0,-0.3245992500000001,3.712021,4.03662025,94.13159244909151,78.71591613065515,96.50230879464996,53.06905661326461,93.15499885002563,37.23017804716348,3.113776692673779,89.1525664827341,50.00088459565133,0.0,50.00088459565133,0.0,50.00088459565133,0.0,46.56776887284822,0.0,50.00088459565133,0.0,46.17412380800736,0.0,98.71556711427206,92.1161416724812,17.081542027139395,9.424536673497665,65.61842081984325,28.946534915681283,99.99694381867856,99.9988969631766,55.391236328453225,74.29468270961796,99.00497512437812,True,69.2,9,13,39.6,4,ndbi_growth,ntl_growth_log,builtup_change,NTL Breakout
4964716544,Raghunathpur,Bihar,Katihar,,25.644989,87.9174685,2.0569668,1.9679507,4.878265,6.363015,6.2860622,8.067448,1.2711854083197458,0.0,1.0,1.0,16.870214,,,-0.028462134,0.040508315,,,,,,0.3321249,0.29134798,,,,,,0.0,0.0,47.49,296.59,292.2011769951757,5.680858984312678,0.068970449,-0.0407769199999999,,2021.0,-0.0890161,0.9490596200000002,1.03807572,96.48638607292608,84.4564894237041,95.31341223926545,44.031654295747934,89.05578260177272,26.965482074358547,2.713939458273624,64.05874067606521,50.00088459565133,0.0,50.00088459565133,0.0,50.00088459565133,0.0,46.56776887284822,0.0,50.00088459565133,0.0,95.73624896060012,100.0,86.8036020734922,46.671611815689495,63.36358650460875,32.84622603566163,93.6026042495975,64.38205041944627,99.9980468318271,99.99999999837758,66.97761728776439,71.43576505606393,100.0,True,69.2,9,13,42.8,5,builtup_change,ntl_growth_log,ndbi_growth,Steady Grower
5354700925,Kamalapur,Telangana,Adilabad,,19.585113,78.4871274,0.99742246,0.90047395,1.621884,1.9429287,2.034125,2.711808,0.3512550183704921,0.0,1.0,1.0,2.280556,,,-0.124619395,0.10874179,,,,,,0.08887585,0.2483222,,,,,,0.0,0.0,93.66,65.07,171.881585662308,5.152606884196757,0.233361185,0.15944635,,2021.0,-0.09694851,0.3360968299999999,0.43304534,81.85871238256993,65.98278688873444,52.61574934097624,6.504536877512761,34.30638854979389,4.160752402958698,3.179236770872034,97.90925671080774,50.00088459565133,0.0,50.00088459565133,0.0,50.00088459565133,0.0,46.56776887284822,0.0,50.00088459565133,0.0,95.73624896060012,100.0,61.79962139306123,37.50205608853943,94.86226845708826,69.69049853484765,34.54611397130372,12.59546697397429,99.9980468334495,100.0,45.34394889059657,70.52120493852757,100.0,True,69.2,9,13,49.3,6,ndbi_growth,builtup_change,ntl_growth_log,Remote Village Emergence
4969021301,Bohar,Bihar,Katihar,,25.792859,87.8483748,0.7588605,0.64515656,0.7954433,1.2505821,1.6555148,2.996168,0.419221442086356,0.0,1.0,1.0,8.756485,,,-0.007962303,0.025108442,,,,,,0.3723187,0.35741243,,,,,,0.0,0.0,37.79,312.21,294.8246087390238,5.689766740660177,0.033070745,-0.01490627,,2023.0,0.1625451539999999,1.3406532,1.178108046,96.59430674238806,84.7680059155109,66.1677547193178,9.27712053291678,42.22175043787485,5.371579293742855,2.379562302071723,56.66645364418216,50.00088459565133,0.0,50.00088459565133,0.0,50.00088459565133,0.0,46.56776887284822,0.0,50.00088459565133,0.0,95.73624896060012,100.0,89.16193407993205,48.79387585284321,50.03273003909913,25.105497353788014,94.46066203138544,67.87594482778367,99.9980468318271,99.99999999837758,64.06580769873838,69.65339198112801,95.23809523809524,True,69.2,9,13,45.2,7,builtup_change,ntl_growth_log,ndbi_growth,Steady Grower
2952348205,Bahiregaon,Maharashtra,Jalna,,19.5349028,75.9562692,0.72390836,0.78372383,0.98546445,1.5246453,1.6234182,2.272693,0.30863390820367,1.0,1.0,0.0,6.0421133,,,-0.069289766,0.0552541,,,,,,0.3340376,0.26688442,,,,,,0.0,0.0,76.81,71.32,213.94761071691448,5.370394327350922,0.124543866,-0.0671531799999999,,2021.0,0.0598154699999999,0.3960458549999999,0.3362303849999999,90.72413000017691,73.59911333551761,40.270332431045766,4.7658755361757255,19.48587300744829,2.290966743419082,2.922704031986979,75.50214003686577,50.00088459565133,0.0,50.00088459565133,0.0,50.00088459565133,0.0,46.56776887284822,0.0,50.00088459565133,0.0,46.17412380800736,0.0,54.30178865240698,36.034774189250285,87.96507616368558,56.24397499984042,37.60062275533853,13.993472098949235,99.89058798594203,99.89253900407714,53.61189869350909,68.85246289422511,100.0,True,69.2,9,13,53.5,8,ndbi_growth,ntl_growth_log,builtup_change,Steady Grower
9498665245,Nagalapuram,Tamil Nadu,Perambalur,,11.1472875,78.6707997,1.0849297,1.3015507,1.6267264,2.0118814,2.6045296,2.7877228,0.3659444911139352,0.0,1.0,1.0,5.763246,,,-0.12785862,0.09394165,,,,,,0.023112364,0.2646431,,,,,,0.0,0.0,37.26,152.23,156.9496253996918,5.062276155606737,0.22180027,0.241530736,,2023.0,0.31060308,0.1831932000000002,-0.1274098799999997,77.07304990888665,62.82379706290523,55.96305928560055,7.103770878778402,36.57449179979832,4.484003497516657,3.1650832404507896,95.52869106516336,50.00088459565133,0.0,50.00088459565133,0.0,50.00088459565133,0.0,46.56776887284822,0.0,50.00088459565133,0.0,95.73624896060012,100.0,25.49050828866125,29.008060510396472,49.226863400739525,24.68255032271657,70.44123631088229,32.091487244824926,99.99804683229132,99.9999999988418,46.76833523900088,68.74409876097155,100.0,True,69.2,9,13,54.3,9,ndbi_growth,builtup_change,ntl_growth_log,Steady Grower
8155682259,Dorai,Rajasthan,Ajmer,,26.002005,75.1166153,0.7676961,0.6816323,0.90030384,1.0394791,2.2411902,3.1468315,0.477529319695064,0.0,1.0,1.0,2.60875,,,0.0674393,0.060982145,,,,,,0.299294,0.30496496,,,,,,0.0,0.0,69.72,367.23,309.9058859358541,5.739490248811697,-0.0064571549999999,0.00567096,,2023.0,0.103402054,0.9056412999999996,0.8022392459999996,97.1179873679741,86.50690538866913,73.34359464288873,11.655698948562748,46.03789607770288,6.013116138797217,1.5303504767970562,48.52706668523759,50.00088459565133,0.0,50.00088459565133,0.0,50.00088459565133,0.0,46.56776887284822,0.0,50.00088459565133,0.0,95.73624896060012,100.0,80.68220016630399,43.09738519447821,84.07993206305397,50.58606094267712,96.64207490755976,80.18286354396314,99.9980468318271,99.99999999837758,62.375858143657794,68.35485074120146,100.0,True,69.2,9,13,44.5,10,builtup_change,ntl_growth_log,ndbi_growth,Steady Grower
3745311767,Aryambavu,Kerala,Palakkad,,10.9779184,76.404788,0.89929163,0.88158876,1.1344064,1.661146,2.6377833,2.9938824,0.4648079173905509,0.0,1.0,1.0,11.255953,,,-0.13775948,-0.09563352,,,,,,0.6194613,0.6017378,,,,,,0.0,0.0,55.77,50.01,232.9156304946372,5.45496049690096,0.0421259599999999,-0.0177235,,2021.0,-0.01770287,0.65550653,0.6732094000000001,92.8506979459689,76.55650860275158,72.0397006528316,11.13674929408682,42.143906020558006,5.361847032026803,2.4963289280469896,58.53105811043105,50.00088459565133,0.0,50.00088459565133,0.0,50.00088459565133,0.0,46.56776887284822,0.0,50.00088459565133,0.0,95.73624896060012,100.0,75.93545990127912,41.141869566713225,72.72172390000532,39.45377587957024,26.486562992056328,9.226833824834657,99.9980468318271,99.99999999837758,65.31851752538645,66.78460648126496,100.0,True,69.2,9,13,48.3,11,builtup_change,ntl_growth_log,ndbi_growth,Steady Grower
9962480463,Bhadregaon,Maharashtra,Jalna,,19.5172328,75.9510398,0.5956348,0.6615843,0.9748321,1.4291956,1.5031745,1.6334078,0.2333714076450893,0.0,1.0,1.0,1.6397123,,,-0.109382644,0.011804922,,,,,,0.32678974,0.29647654,,,,,,0.0,0.0,77.41,71.94,174.22974614646424,5.166097948031635,0.121187566,-0.0303131999999999,,2022.0,0.1895986499999999,0.1021061,-0.0874925499999998,82.5168515471578,66.45458794756814,10.404614050917326,1.6956598693059206,0.6032942342055447,0.0,2.9156272667763563,74.81102757072652,50.00088459565133,0.0,50.00088459565133,0.0,50.00088459565133,0.0,46.56776887284822,0.0,50.00088459565133,0.0,95.73624896060012,100.0,27.42600357376644,29.61302877978162,88.2967995329335,56.72278295954393,37.90669285069795,14.132154207346751,99.99761440836336,99.99956756626842,64.37406639903297,66.39994088316008,99.66101694915255,True,69.2,9,13,38.8,12,ndbi_growth,builtup_change,ntl_growth_log,Steady Grower
5890602252,Botyanaik Thanda,Telangana,Ranga Reddy,,17.0540384,77.8806385,0.6725774,0.83570516,1.0187619,1.2335708,1.6330354,1.7052917,0.2220106158937726,0.0,1.0,1.0,4.137789,,,-0.021633103,0.16116333,,,,,,0.15711987,0.25594896,,,,,,0.0,0.0,72.41,219.35,153.5457926478053,5.040490444964637,0.1827964329999999,0.09882909,,2023.0,0.186603694,0.0722563,-0.1143473939999999,75.75854077101357,62.06192079620082,6.694619889248625,1.2322141883351063,1.4684287812041117,0.0,3.096084779647223,87.49721653131259,50.00088459565133,0.0,50.00088459565133,0.0,50.00088459565133,0.0,46.56776887284822,0.0,50.00088459565133,0.0,95.73624896060012,100.0,26.0938025228668,29.206029401334003,85.62708985722625,52.732716628681246,84.6664189798843,47.10494388295589,99.9980468328646,99.9999999994151,36.458972750571554,65.93419320279253,100.0,True,69.2,9,13,36.2,13,ndbi_growth,builtup_change,ntl_growth_log,Steady Grower
5001297219,Gorakhpur,Bihar,Katihar,,25.6104164,87.8864407,0.54984254,0.51781523,1.0646019,2.100857,2.000859,1.8277147,0.3392784919057574,0.0,1.0,1.0,14.850541,,,0.01072119,0.030762017,,,,,,0.2732496,0.35095787,,,,,,0.0,0.0,45.98,296.89,232.40692871817447,5.452783405436575,0.0200408269999999,0.07770827,,2022.0,0.25737968,-0.1365711499999999,-0.39395083,92.79231463298126,76.48037271972215,49.61343170036976,6.015973264640384,4.053217274383879,0.3962146986328267,2.1301063283972894,53.98339826695956,50.00088459565133,0.0,50.00088459565133,0.0,50.00088459565133,0.0,46.56776887284822,0.0,50.00088459565133,0.0,95.73624896060012,100.0,15.82895458485926,24.968491299685887,61.54220405852485,31.64122600374109,93.62914211913734,64.44915466544508,99.9980468318271,99.99999999837758,65.6183893765033,65.70085832220761,90.47619047619048,True,69.2,9,13,38.0,14,builtup_change,ntl_growth_log,ndbi_growth,Steady Grower
5289326462,Venkatapur,Telangana,Mahbubnagar,,15.9883325,77.7470469,0.57510066,0.52686745,1.0395789,1.2739989,1.3906821,1.7825398,0.2532302805355617,0.0,1.0,1.0,2.856231,,,0.002534088,0.05845379,,,,,,0.07018524,0.30345058,,,,,,0.0,0.0,33.92,176.02,209.95266115674423,5.351633753597411,0.055919702,0.23326534,,2021.0,-0.04823321,0.2345565899999999,0.2827898,90.12083576597138,72.9430302667865,18.32174513030094,2.50577144176487,2.981087344974612,0.2038564776858393,2.616633936627568,61.37139629560774,50.00088459565133,0.0,50.00088459565133,0.0,50.00088459565133,0.0,46.56776887284822,0.0,50.00088459565133,0.0,95.73624896060012,100.0,50.31756983882667,35.22485383078994,43.98474957097111,22.0171860137003,76.55821523981388,37.41285395252957,99.9980468318271,99.99999999837758,49.00851084350301,65.0056063463866,99.82788296041308,True,69.2,9,13,42.6,15,builtup_change,ntl_growth_log,ndbi_growth,Urban Fringe Expansion
1911126081,Rojri,Rajasthan,Ganganagar,,28.8058573,73.0724528,1.4779278,1.2837564,5.011376,5.056704,4.7959046,5.6998296,0.9054651941571916,0.0,1.0,1.0,4.8021092,,,0.08344728,0.034935243,,,,,,0.17363441,0.2634628,,,,,,0.0,0.0,90.03,296.88,285.6636027822198,5.658309412553327,-0.048512037,0.08982839,,2021.0,-0.1941714000000001,0.18045614,0.3746275400000001,96.24400686446224,83.6678998830628,91.64057109495248,29.112671762887626,79.68968384551421,16.88397966250259,0.7235992427861225,39.86733626417418,50.00088459565133,0.0,50.00088459565133,0.0,50.00088459565133,0.0,46.56776887284822,0.0,50.00088459565133,0.0,95.73624896060012,100.0,57.23333864090724,36.61670340169169,93.78748474072502,66.79371037864136,93.62737292783468,64.44691785724513,99.9980468318271,99.99999999837758,55.34132950996118,64.73446904371943,100.0,True,69.2,9,13,42.5,16,builtup_change,ntl_growth_log,ndbi_growth,Remote Village Emergence
9161180818,Village_9161180818,Uttar Pradesh,Maharajganj,,27.1656071,83.7601948,1.513106,1.3136705,2.0456307,3.3831124,7.7664027,11.018236,1.949180834633964,0.0,1.0,1.0,11.891918,,,,,,,,,,,,,,,,,0.0,0.0,56.21,134.46,628.186657114571,6.4444279648476535,,,,2022.0,0.2662623499999998,3.8175618,3.55129945,99.59131680908658,100.0,97.93535374980095,71.68941432879086,93.72290925817808,39.530165783048936,51.616156254975856,0.0,50.00088459565133,0.0,50.00088459565133,0.0,50.00088459565133,0.0,46.56776887284822,0.0,50.00088459565133,0.0,95.73624896060012,100.0,98.33342179289846,84.76084800748363,73.20382852997895,39.80490171668615,64.33044955151,28.116679073496154,99.9980468318271,99.99999999837758,99.7123109051293,64.6889594647213,100.0,True,69.2,9,13,54.5,17,builtup_change,ntl_growth_log,ndbi_growth,NTL Breakout
8128089580,Village_8128089580,Uttar Pradesh,Siddharth Nagar,,27.1949075,82.4800729,0.5598405,0.0,0.6721267,1.1617144,2.1709552,3.5892978,0.632849703516279,0.0,1.0,1.0,7.029807,,,,,,,,,,,,,,,,,0.0,0.0,58.7,177.03,541.1286428902519,6.295503321782945,,,,2021.0,-0.5598405,0.97607541,1.53591591,99.37016789625464,100.0,84.25242821506289,17.991750398526932,55.64991242503052,7.897171893143012,51.616156254975856,0.0,50.00088459565133,0.0,50.00088459565133,0.0,50.00088459565133,0.0,46.56776887284822,0.0,50.00088459565133,0.0,95.73624896060012,100.0,93.01700192841852,54.21664346421593,75.6001981494259,41.79195474945577,76.77759496134317,37.63877158072552,99.9980468318271,99.99999999837758,98.1878381865222,64.59928459892087,100.0,True,69.2,9,13,59.4,18,builtup_change,ntl_growth_log,ndbi_growth,Steady Grower
9858006122,Pouti,West Bengal,Uttar Dinajpur,,25.9204304,88.0797051,1.7846906,2.2120643,3.0251997,3.917031,3.9053383,6.3752074,0.8264067854200091,0.0,1.0,1.0,6.4798226,,,0.0067620566,-0.01912966,,,,,,0.38381228,0.3792811,,,,,,0.0,0.0,63.3,303.48,257.2163936987173,5.553797968646093,-0.0258917166,-0.00453118,,2023.0,0.72101566,2.4698691,1.74885344,94.77557808325814,80.012990937469,90.22167967022274,25.88760797546048,83.3678325637351,19.759790612279787,1.100436990251756,44.525199213405166,50.00088459565133,0.0,50.00088459565133,0.0,50.00088459565133,0.0,46.56776887284822,0.0,50.00088459565133,0.0,95.73624896060012,100.0,94.37751004016064,57.44382446583224,79.72329848026467,45.46281577384944,94.02190258832688,65.92321126921867,99.9980468318271,99.99999999837758,58.68574997328695,64.5222049049602,100.0,True,69.2,9,13,42.4,19,builtup_change,ntl_growth_log,ndbi_growth,Steady Grower
8128089577,Village_8128089577,Uttar Pradesh,Siddharth Nagar,,27.1836845,82.4656105,0.7227827,0.6307031,1.085085,3.3404312,5.4455657,6.729547,1.335250164781298,0.0,1.0,1.0,9.32568,,,,,,,,,,,,,,,,,0.0,0.0,56.85,177.01,831.0608845507786,6.723905616690399,,,,2022.0,0.18115115,1.6945579000000002,1.51340675,99.81954248712913,100.0,95.7291721953895,46.64507555497596,84.82387700582063,21.26859605660987,51.616156254975856,0.0,50.00088459565133,0.0,50.00088459565133,0.0,50.00088459565133,0.0,46.56776887284822,0.0,50.00088459565133,0.0,95.73624896060012,100.0,92.80646816340251,53.87550522750237,73.82569927286238,40.31563020703658,76.7722873874352,37.6342979643256,99.9980468318271,99.99999999837758,94.95582938726773,64.40916643425885,99.6951219512195,True,69.2,9,13,57.2,20,builtup_change,ntl_growth_log,ndbi_growth,Steady Grower
9161247470,Village_9161247470,Uttar Pradesh,Maharajganj,,27.1254712,83.7440157,0.87973285,0.72803956,0.97089076,1.7942214,4.502454,5.7261877,1.0393956473895485,0.0,1.0,1.0,13.731575,,,,,,,,,,,,,,,,,0.0,0.0,55.92,129.83,550.9007478804502,6.313368225545915,,,,2023.0,0.298631685,1.2237336999999997,0.9251020149999994,99.39847495709712,100.0,93.33368717159388,34.57615454293293,79.85598782796384,16.9962144925419,51.616156254975856,0.0,50.00088459565133,0.0,50.00088459565133,0.0,50.00088459565133,0.0,46.56776887284822,0.0,50.00088459565133,0.0,95.73624896060012,100.0,84.28781204111601,44.95943550530303,72.84822107814519,39.57347786949612,62.6267183270527,27.08103687691471,99.9980468318271,99.99999999837758,92.78449305963886,64.28144076792773,99.72144846796658,True,69.2,9,13,59.7,21,builtup_change,ntl_growth_log,ndbi_growth,Steady Grower
9161180866,Village_9161180866,Uttar Pradesh,Maharajganj,,27.1548012,83.78515,0.6417155,0.5069425,0.7865184,1.2758758,2.570965,5.0171175,0.8159552829606193,0.0,1.0,1.0,8.748321,,,,,,,,,,,,,,,,,0.0,0.0,58.85,133.64,681.8289413299195,6.526244376269699,,,,2023.0,0.2182056799999999,2.4461525,2.22794682,99.67446880031136,100.0,90.00229994869345,25.461255325003805,74.46526192877235,13.976938695616523,51.616156254975856,0.0,50.00088459565133,0.0,50.00088459565133,0.0,50.00088459565133,0.0,46.56776887284822,0.0,50.00088459565133,0.0,95.73624896060012,100.0,96.17323921235604,64.70473828377753,75.76827132317817,41.91165673938165,64.03057162570988,27.93326080109944,99.9980468318271,99.99999999837758,91.78990323512312,64.22293548413269,99.44289693593316,True,69.2,9,13,58.4,22,builtup_change,ntl_growth_log,ndbi_growth,Steady Grower
8125936721,Village_8125936721,Uttar Pradesh,Siddharth Nagar,,27.3639925,82.6686215,0.54238796,0.0,0.6794845,2.1504762,3.1028812,3.307543,0.7030117341450283,0.0,1.0,1.0,8.579381,,,,,,,,,,,,,,,,,0.0,0.0,75.66,181.35,509.8112871089542,6.236000220838593,,,,2022.0,0.06854827,0.5785334,0.50998513,99.23394016595014,100.0,86.90798436034889,20.853900394302297,49.77088972630611,6.69743814561343,51.616156254975856,0.0,50.00088459565133,0.0,50.00088459565133,0.0,50.00088459565133,0.0,46.56776887284822,0.0,50.00088459565133,0.0,95.73624896060012,100.0,67.1868089096474,38.668119339842974,87.3414362294995,55.32625974374199,77.74091962563912,38.6050727231082,99.9980468318271,99.99999999837758,90.38683755172022,64.1404022086384,99.39024390243902,True,69.2,9,13,59.6,23,builtup_change,ntl_growth_log,ndbi_growth,Steady Grower
5308958130,Naveguda,Telangana,Adilabad,,19.4959651,79.32307,1.0466332,1.0708501,1.8464488,2.4671235,3.1239336,13.296685,1.943719567571368,0.0,1.0,1.0,4.005559,,,,,,,,,,,,,,,,,0.0,0.0,52.67,39.74,1170.4245384151773,7.065975841374793,,,,2023.0,0.50370696,10.1727514,9.66904444,99.92215558268316,100.0,97.91943102807708,71.46663050454772,95.60179042159828,49.23197798757936,51.616156254975856,0.0,50.00088459565133,0.0,50.00088459565133,0.0,50.00088459565133,0.0,46.56776887284822,0.0,50.00088459565133,0.0,95.73624896060012,100.0,99.81069653061584,100.0,69.3328379597686,36.97993475443537,20.4571590326062,6.9296318034758215,99.9980468318271,99.99999999837758,88.58951034704536,64.03467707895165,99.6923076923077,True,69.2,9,13,46.0,24,builtup_change,ntl_growth_log,ndbi_growth,NTL Breakout
7961943827,Village_7961943827,Chhattisgarh,Raigarh,,22.2304343,83.4697008,0.7019586,1.0816319,1.6409483,2.1913376,3.9421983,7.1282682,1.1789610471044267,0.0,1.0,1.0,0.63461757,,,,,,,,,,,,,,,,,0.0,0.0,98.74,60.17,915.4827079545717,6.820543199621757,,,,2023.0,0.50274534,3.1860699,2.68332456,99.85138793057692,100.0,94.67296498770412,40.269506126754486,86.2940749783274,22.96638178908184,51.616156254975856,0.0,50.00088459565133,0.0,50.00088459565133,0.0,50.00088459565133,0.0,46.56776887284822,0.0,50.00088459565133,0.0,95.73624896060012,100.0,97.25952267218652,71.60622902186849,96.05028041682148,73.74440592700414,31.99317092157175,11.499430955993931,99.9980468318271,99.99999999837758,88.3567505314413,64.02098532509258,100.0,True,69.2,9,13,49.1,25,builtup_change,ntl_growth_log,ndbi_growth,Remote Village Emergence
6044320051,Kallagam,Tamil Nadu,Ariyalur,,11.0271301,79.0000514,2.5705917,3.3527923,3.115578,3.6228251,15.488837,20.610836,3.631902967180524,0.0,1.0,1.0,4.5523586,,,,0.025628196,,,,,,,0.2838425,,,,,,0.0,0.0,32.38,160.64,701.7934547909728,6.555063043223151,,,,2023.0,0.29194859,5.121998999999999,4.830050409999999,99.70277586115388,100.0,99.5824708525733,100.0,98.3599596624383,80.37619909482311,51.616156254975856,0.0,50.00088459565133,0.0,50.00088459565133,0.0,50.00088459565133,0.0,46.56776887284822,0.0,50.00088459565133,0.0,95.73624896060012,100.0,99.095943244343,100.0,41.444190860357736,20.78824558379459,72.61822620879997,33.97264294099121,99.9980468318271,99.99999999837758,87.41234863957106,63.96543227262963,100.0,True,69.2,9,13,50.4,26,builtup_change,ntl_growth_log,ndbi_growth,NTL Breakout
8125936672,Village_8125936672,Uttar Pradesh,Siddharth Nagar,,27.3699189,82.5768256,0.53529775,0.0,0.67406154,2.687157,2.982124,3.3629487,0.7170777763639177,0.0,1.0,1.0,7.606441,,,,,,,,,,,,,,,,,0.0,0.0,80.43,186.88,528.2389006865805,6.271439938017228,,,,2022.0,0.0693818949999999,0.33789585,0.268513955,99.32770730499088,100.0,87.3892043946712,21.427702525121383,50.97217062080923,6.933359904871835,51.616156254975856,0.0,50.00088459565133,0.0,50.00088459565133,0.0,50.00088459565133,0.0,46.56776887284822,0.0,50.00088459565133,0.0,95.73624896060012,100.0,49.27197777895724,35.00849584182473,89.88111034446155,59.132783023385,78.82808768112096,39.84202765768604,99.9980468318271,99.99999999837758,85.41238207929732,63.84778718084882,99.08536585365852,True,69.2,9,13,58.0,27,builtup_change,ntl_growth_log,ndbi_growth,Steady Grower
9159389461,Village_9159389461,Uttar Pradesh,Basti,,26.9903893,82.6709175,1.2262459,0.94586235,1.4230348,6.0000515,7.1648273,7.28569,1.529460898467473,0.0,1.0,1.0,8.166897,,,,,,,,,,,,,,,,,0.0,0.0,57.86,147.07,494.1459213033861,6.204852509638396,,,,2022.0,0.0983944499999999,0.6428192500000001,0.5444248000000002,99.17909523556784,100.0,96.64915167277036,54.56759783117202,86.88852325601968,23.63669599865999,51.616156254975856,0.0,50.00088459565133,0.0,50.00088459565133,0.0,50.00088459565133,0.0,46.56776887284822,0.0,50.00088459565133,0.0,95.73624896060012,100.0,69.25853192505706,39.19007077191761,74.82883074146808,41.12162360587083,68.85338711674893,30.937294213645604,99.9980468318271,99.99999999837758,85.00993905534335,63.82411406179271,100.0,True,69.2,9,13,59.2,28,builtup_change,ntl_growth_log,ndbi_growth,Steady Grower
11331311451,Kanikkapuram,Tamil Nadu,Ariyalur,,11.0373597,79.0128981,1.1695153,1.2677572,1.6549098,3.3437033,39.169376,32.454006,7.766174449239458,0.0,1.0,1.0,3.8677878,,,,-0.15993245,,,,,,,0.4825516,,,,,,0.0,0.0,32.8,162.36,2674.9962740974825,7.892077028906897,,,,2023.0,0.69097166,-6.71537,-7.40634166,99.99292323478936,100.0,99.96992374785486,100.0,99.50462643525644,100.0,51.616156254975856,0.0,50.00088459565133,0.0,50.00088459565133,0.0,50.00088459565133,0.0,46.56776887284822,0.0,50.00088459565133,0.0,95.73624896060012,100.0,0.1503812607257222,0.0,42.17840525095979,21.123411155587053,73.02690939971339,34.357373951384325,99.9980468318271,99.99999999837758,82.25050784565134,63.661794578869646,99.57805907172995,True,69.2,9,13,40.3,29,builtup_change,ntl_growth_log,ndbi_growth,Market Corridor Growth
11251345513,Vazhaikuttai,Tamil Nadu,Ariyalur,,11.2450436,79.4777528,0.825941,1.0052509,1.3060545,3.0599556,9.034017,10.004402,2.0495001094681875,0.0,1.0,1.0,5.2748704,,,,,,,,,,,,,,,,,0.0,0.0,30.43,199.7,1111.2732023231683,7.014161130177195,,,,2023.0,0.70028474,0.9703850000000004,0.2701002600000003,99.89915609574864,100.0,98.12819560179042,75.78178180262091,92.52516674628028,35.21318213559056,51.616156254975856,0.0,50.00088459565133,0.0,50.00088459565133,0.0,50.00088459565133,0.0,46.56776887284822,0.0,50.00088459565133,0.0,95.73624896060012,100.0,49.374590874511256,35.03253713392937,38.057958707075,19.232119714758145,81.3518390743591,42.709615770034645,99.9980468318271,99.99999999837758,81.97378269416701,63.64551662878233,99.15611814345992,True,69.2,9,13,52.9,30,builtup_change,ntl_growth_log,ndbi_growth,Urban Fringe Expansion
3221921504,Devalapura,Karnataka,Mandya,,12.8176443,76.8682089,0.8597614,2.6140828,2.448114,3.1754348,4.467556,5.103386,0.7858818003109523,0.0,1.0,1.0,4.766526,,,,,,,,,,,,,,,,,0.0,0.0,27.96,59.89,493.581661144592,6.203712276245016,,,,2021.0,1.7543213999999998,0.92579372,-0.8285276799999998,99.17555685296252,100.0,89.2999310015392,24.234454768244763,75.25609044105938,14.344276646198932,51.616156254975856,0.0,50.00088459565133,0.0,50.00088459565133,0.0,50.00088459565133,0.0,46.56776887284822,0.0,50.00088459565133,0.0,95.73624896060012,100.0,7.802133644711002,18.38224906205753,33.66771048953524,17.26102694731198,31.843674256497355,11.436800326395051,99.9980468318271,99.99999999837758,81.55431400106625,63.6208419997764,100.0,True,69.2,9,13,46.5,31,builtup_change,ntl_growth_log,ndbi_growth,Urban Fringe Expansion
3811270660,Kadadibburu,Karnataka,Chikballapura,,13.4705803,77.7893325,0.87956804,0.80958134,0.8830086,2.3489463,3.350945,5.6447563,0.9404562882014684,0.0,1.0,1.0,4.260538,,,,,,,,,,,,,,,,,0.0,0.0,46.09,58.45,541.7645984499392,6.296675705586801,,,,2022.0,0.00172028,1.647905,1.64618472,99.37547547016258,100.0,92.16071333793325,30.54007856359623,79.3641526458256,16.649473288173493,51.616156254975856,0.0,50.00088459565133,0.0,50.00088459565133,0.0,50.00088459565133,0.0,46.56776887284822,0.0,50.00088459565133,0.0,95.73624896060012,100.0,93.76006227553384,55.88782565883817,61.68904693664526,31.729007463020075,31.07938361375016,11.114699945600828,99.9980468318271,99.99999999837758,80.77316272411902,63.57489192466186,100.0,True,69.2,9,13,53.5,32,builtup_change,ntl_growth_log,ndbi_growth,Steady Grower
6044319878,Kil Arasur,Tamil Nadu,Tiruchirappalli,,11.0125007,78.9825492,1.5306075,1.6952213,1.6434613,3.3972783,6.2958937,8.928739,1.501328277587891,0.0,1.0,1.0,4.8238997,,,,0.077139966,,,,,,,0.30776492,,,,,,0.0,0.0,31.89,158.24,483.3460897062114,6.182799712558524,,,,2022.0,0.0564269,2.76573035,2.70930345,99.1366346443041,100.0,96.53769262070308,53.41997168623185,90.8320506696389,30.632925820280537,51.616156254975856,0.0,50.00088459565133,0.0,50.00088459565133,0.0,50.00088459565133,0.0,46.56776887284822,0.0,50.00088459565133,0.0,95.73624896060012,100.0,97.3055216460556,71.9999528536941,40.6312474567875,20.39721908337005,71.99989384852185,33.43580897300084,99.9980468318271,99.99999999837758,80.25704372431123,63.5445319834967,100.0,True,69.2,9,13,52.7,33,builtup_change,ntl_growth_log,ndbi_growth,Urban Fringe Expansion
9160643774,Village_9160643774,Uttar Pradesh,Maharajganj,,27.202656,83.2137537,0.7928677,0.54914653,1.5825722,2.9378688,3.3406472,4.6424723,0.827937754562923,0.0,1.0,1.0,9.395449,,,,,,,,,,,,,,,,,0.0,0.0,40.61,142.5,485.5292503402522,6.187297023847978,,,,2021.0,-0.2437211699999999,0.95824787,1.2019690399999998,99.14724979212002,100.0,90.2588326875785,25.95006146043882,70.83488137572316,12.381670434738732,51.616156254975856,0.0,50.00088459565133,0.0,50.00088459565133,0.0,50.00088459565133,0.0,46.56776887284822,0.0,50.00088459565133,0.0,95.73624896060012,100.0,89.51223395785787,49.15550184952158,54.345133839322045,27.355894764394574,67.27438387912885,29.915072866263927,99.9980468318271,99.99999999837758,79.66798135653883,63.50988125598067,99.16434540389972,True,69.2,9,13,59.6,34,builtup_change,ntl_growth_log,ndbi_growth,Steady Grower
3911174884,Pura,Karnataka,Hassan,,13.0263894,76.5724418,0.6669526,1.2522091,1.8912473,2.951072,3.5702035,4.5664926,0.7860430819647652,0.0,1.0,1.0,1.3764213,,,,,,,,,,,,,,,,,0.0,0.0,61.9,49.14,584.6802306490746,6.3727739591524655,,,,2022.0,0.6121473500000001,0.8077103000000001,0.19556295,99.50108805265111,100.0,89.3034693841445,24.24103400035425,69.94497815048742,12.058142990957212,51.616156254975856,0.0,50.00088459565133,0.0,50.00088459565133,0.0,50.00088459565133,0.0,46.56776887284822,0.0,50.00088459565133,0.0,95.73624896060012,100.0,43.96086548838526,33.90288473895895,78.64409178564478,44.34559720120788,26.01065053164199,9.032231511438145,99.9980468318271,99.99999999837758,78.70603111201996,63.45329594747956,100.0,True,69.2,9,13,54.6,35,builtup_change,ntl_growth_log,ndbi_growth,Steady Grower
5308382158,Mahagaon,Telangana,Adilabad,,19.5551699,79.3417489,0.6616455,0.0,0.76745063,0.8740793,0.9598181,7.010564,0.9923049977847508,0.0,1.0,1.0,1.6949196,,,0.07872443,,,,,,,0.27241972,,,,,,,0.0,0.0,46.24,33.08,959.5649785270208,6.867521630651295,,,,2023.0,0.140475203,6.050745899999999,5.910270696999999,99.86554146099816,100.0,92.77462271995472,32.655165350350984,85.90662208304583,22.465188194630304,51.616156254975856,0.0,50.00088459565133,0.0,50.00088459565133,0.0,50.00088459565133,0.0,46.56776887284822,0.0,50.00088459565133,0.0,95.73624896060012,100.0,99.40909010491303,100.0,61.88277338428604,31.84870945294596,16.18013905843639,5.439917542302517,99.9980468318271,99.99999999837758,77.96059785725525,63.4094469324934,99.3846153846154,True,69.2,9,13,47.2,36,builtup_change,ntl_growth_log,ndbi_growth,NTL Breakout
9045521283,Village_9045521283,Uttar Pradesh,Bahraich,,27.2507382,81.5470504,3.8981678,4.250325,4.684637,5.4486103,15.980384,23.522743,3.830772175107684,0.0,1.0,1.0,43.820995,,,,,,,,,,,,,,,,,0.0,0.0,42.93,252.26,503.4307450797782,6.223430555999571,,,,2023.0,0.5085639500000001,7.542358999999998,7.0337950499999975,99.2162482529236,100.0,99.64439254816624,100.0,98.81110344461548,92.7753244959436,51.616156254975856,0.0,50.00088459565133,0.0,50.00088459565133,0.0,50.00088459565133,0.0,46.56776887284822,0.0,50.00088459565133,0.0,95.73624896060012,100.0,99.60723953081046,100.0,57.528793588450725,29.207285541914857,89.16193407993205,54.46627966902396,99.9980468318271,99.99999999837758,77.2147963637743,63.36557625640629,100.0,True,69.2,9,13,51.5,37,builtup_change,ntl_growth_log,ndbi_growth,NTL Breakout
7964818601,Village_7964818601,Chhattisgarh,Raigarh,,22.2369888,83.4288883,1.2871487,1.7788233,3.5326924,4.33372,7.07083,6.8177676,1.2665754897253854,0.0,1.0,1.0,2.1992123,,,,,,,,,,,,,,,,,0.0,0.0,101.59,59.23,429.67987304031,6.065365060158557,,,,2023.0,1.0893583,-0.2530624000000001,-1.3424207,98.81110344461548,97.90319577187856,95.27272083930436,43.84359989699217,85.19009960547034,21.64424620009388,51.616156254975856,0.0,50.00088459565133,0.0,50.00088459565133,0.0,50.00088459565133,0.0,46.56776887284822,0.0,50.00088459565133,0.0,95.73624896060012,100.0,3.934681457105957,10.59392827611047,96.60315269890133,76.01874373559589,31.48983599596624,11.289170985197698,99.9980468318271,99.99999999837758,91.83236090705142,63.36204301796083,99.78070175438596,True,69.2,9,13,40.7,38,builtup_change,ntl_growth_log,ndbi_growth,Remote Village Emergence
3203134209,Katti Hosahalli,Karnataka,Bangalore Rural,,13.2792692,77.3795806,1.0534242,1.0007353,1.4095367,1.825146,2.7223403,17.114073,2.453819063731602,0.0,1.0,1.0,4.026281,,,,,,,,,,,,,,,,,0.0,0.0,29.21,35.13,1524.6136171923904,7.330151980041072,,,,2023.0,0.2723966799999999,14.391732700000002,14.119336020000002,99.96107779134158,100.0,98.75272013162784,92.275339398754,97.37452010685917,65.486711575133,51.616156254975856,0.0,50.00088459565133,0.0,50.00088459565133,0.0,50.00088459565133,0.0,46.56776887284822,0.0,50.00088459565133,0.0,95.73624896060012,100.0,99.92569396528846,100.0,35.87477663959804,18.258543530027648,17.5530315092971,5.898463223294301,99.9980468318271,99.99999999837758,76.12897327998107,63.301704310300806,100.0,True,69.2,9,13,42.0,39,builtup_change,ntl_growth_log,ndbi_growth,NTL Breakout
3219883713,Dandiganahalli,Karnataka,Mandya,,12.7808849,76.8084651,0.87253225,0.9123913,1.3936656,2.974098,4.560437,5.2132173,0.9779427187783376,0.0,1.0,1.0,3.0680375,,,,,,,,,,,,,,,,,0.0,0.0,26.01,54.06,497.48133091928696,6.21156613818764,,,,2022.0,0.260566675,1.11955965,0.858992975,99.19855633989704,100.0,92.62954903313695,32.06927870440938,76.14953204890045,14.811946823051446,51.616156254975856,0.0,50.00088459565133,0.0,50.00088459565133,0.0,50.00088459565133,0.0,46.56776887284822,0.0,50.00088459565133,0.0,95.73624896060012,100.0,82.45846823417016,43.95751800432004,30.19390336677105,15.70490107827553,28.74405109424482,10.132741145818423,99.9980468318271,99.99999999837758,75.62201910152199,63.2718834762738,99.87775061124694,True,69.2,9,13,51.3,40,builtup_change,ntl_growth_log,ndbi_growth,Urban Fringe Expansion
3244713197,Kadukottanahalli,Karnataka,Mandya,,12.4547225,76.9881856,1.4755082,2.2112591,2.1772003,2.8976533,7.6235247,10.417449,1.7619129589625768,0.0,1.0,1.0,3.3381243,,,,,,,,,,,,,,,,,0.0,0.0,14.62,29.27,606.024473466159,6.408569108971859,,,,2023.0,0.42323765,2.7939243,2.37068665,99.54885621782284,100.0,97.49836349804504,64.05011505597167,93.06653928489288,36.97196823334595,51.616156254975856,0.0,50.00088459565133,0.0,50.00088459565133,0.0,50.00088459565133,0.0,46.56776887284822,0.0,50.00088459565133,0.0,95.73624896060012,100.0,96.5925375510854,66.86803597747172,11.900465297312598,6.615529976570331,13.585620013092017,4.587693618117789,99.9980468318271,99.99999999837758,75.2917144113758,63.25245378861814,99.75550122249388,True,69.2,9,13,37.4,41,builtup_change,ntl_growth_log,ndbi_growth,Urban Fringe Expansion
8128089579,Village_8128089579,Uttar Pradesh,Siddharth Nagar,,27.1923118,82.4730348,0.6460063,0.0,0.8519731,1.3192943,2.11182,3.375276,0.5842608622142247,0.0,1.0,1.0,7.296368,,,,,,,,,,,,,,,,,0.0,0.0,58.07,177.26,422.48344946481166,6.048514432962009,,,,2021.0,-0.6460063,0.83624344,1.48224974,98.76687366204908,97.313906161315,81.86225076517523,16.009644825453332,51.23754931620756,6.985850502462084,51.616156254975856,0.0,50.00088459565133,0.0,50.00088459565133,0.0,50.00088459565133,0.0,46.56776887284822,0.0,50.00088459565133,0.0,95.73624896060012,100.0,92.54462785060949,53.40330424565023,75.01724961520088,41.28920639176707,76.82713231781753,37.6902181693246,99.9980468318271,99.99999999837758,93.732890730618,63.23119022676211,98.78048780487804,True,69.2,9,13,59.5,42,builtup_change,ntl_growth_log,ndbi_growth,Steady Grower
2915891007,Mugali,Karnataka,Haveri,,15.0253578,75.2208506,0.74612975,1.3508863,1.1236157,2.0075483,3.8375251,4.2621756,0.7406879425048829,0.0,1.0,1.0,5.2210016,,,,,,,,,,,,,,,,,0.0,0.0,38.68,54.49,471.2378577586539,6.1574827945818384,,,,2023.0,0.355698505,0.4246504999999998,0.0689519949999998,99.0924048617377,100.0,88.07741981140421,22.390842222120543,66.28275215399042,10.762337649408604,51.616156254975856,0.0,50.00088459565133,0.0,50.00088459565133,0.0,50.00088459565133,0.0,46.56776887284822,0.0,50.00088459565133,0.0,95.73624896060012,100.0,35.55013003556075,31.98402868492049,51.44012172036162,25.81572916068157,28.95812324186614,10.2289238984167,99.9980468318271,99.99999999837758,74.61956879928026,63.212915811436055,100.0,True,69.2,9,13,55.7,43,builtup_change,ntl_growth_log,ndbi_growth,Steady Grower
8548229881,Kuppalli,Karnataka,Hassan,,13.0489516,76.0470791,0.636253,1.1453255,2.058812,4.7583036,4.5507565,5.661251,1.086879280635289,0.0,1.0,1.0,4.071294,,,,,,,,,,,,,,,,,0.0,0.0,103.04,7.24,789.77985172565,6.673019612627991,,,,2022.0,0.7112795000000001,0.4514737000000002,-0.2598057999999998,99.789466234984,100.0,93.80429205810024,36.51317488678266,79.45791978486633,16.719708997539847,51.616156254975856,0.0,50.00088459565133,0.0,50.00088459565133,0.0,50.00088459565133,0.0,46.56776887284822,0.0,50.00088459565133,0.0,95.73624896060012,100.0,20.246625267590183,27.00153024907752,96.87206977690498,77.17586297154607,1.4896590768359783,0.0,99.9980468318271,99.99999999837758,74.2863836312277,63.19331668390355,99.88372093023256,True,69.2,9,13,38.4,44,builtup_change,ntl_growth_log,ndbi_growth,Remote Village Emergence
9919471927,Konsari,Maharashtra,Garhchiroli,,19.7637957,79.8098802,1.1414418,0.66283673,0.8635979,2.13702,11.114632,31.953651,5.333995856557574,0.0,1.0,1.0,2.019355,,,0.021676049,,,,,,,0.45306444,,,,,,,0.0,0.0,57.07,8.22,2699.4113234682663,7.901159382414836,,,,2023.0,0.318749577,20.839019,20.520269423,99.99469242609204,100.0,99.87792580011676,100.0,99.47631937441396,100.0,51.616156254975856,0.0,50.00088459565133,0.0,50.00088459565133,0.0,50.00088459565133,0.0,46.56776887284822,0.0,50.00088459565133,0.0,95.73624896060012,100.0,99.96992374785486,100.0,74.05746333351026,40.491193125594535,1.822267041735223,0.0,99.9980468318271,99.99999999837758,73.72223599059284,63.16013152857209,100.0,True,69.2,9,13,38.8,45,builtup_change,ntl_growth_log,ndbi_growth,NTL Breakout
9671911550,Nagar,Tamil Nadu,Tiruchirappalli,,10.8942073,78.7878084,1.5628802,1.8138007,1.8508433,4.362093,9.819813,20.713072,3.493721263749259,0.0,1.0,1.0,5.259085,,,,-0.09466229,,,,,,,0.1170523,,,,,,0.0,0.0,13.71,135.35,1225.3141219653307,7.111768300615666,,,,2023.0,0.8434680999999999,10.893259,10.0497909,99.92746315659112,100.0,99.5347026874016,100.0,98.38118995807017,80.81152789636414,51.616156254975856,0.0,50.00088459565133,0.0,50.00088459565133,0.0,50.00088459565133,0.0,46.56776887284822,0.0,50.00088459565133,0.0,95.73624896060012,100.0,99.8248500610371,100.0,10.513419316030642,5.889337904353324,64.648903985988,28.31575500329258,99.9980468318271,99.99999999837758,72.40992548165835,63.08293679275241,99.84025559105432,True,69.2,9,13,42.2,46,builtup_change,ntl_growth_log,ndbi_growth,NTL Breakout
9910824149,Nawegaon Waghade,Maharashtra,Chandrapur,,19.7131015,79.7288024,0.51702493,1.0055474,1.9413898,2.1178448,3.1109126,2.9448447,0.5323328409876142,0.0,1.0,1.0,2.0385897,,,-0.018758973,,,,,,,0.4602786,,,,,,,0.0,0.0,52.41,11.53,469.5749912871706,6.153955332694959,,,,2023.0,0.573830201,-0.1660678999999998,-0.7398981009999999,99.0764821400138,100.0,78.33979088158802,13.891322644603196,40.88424181306725,5.153040709681163,51.616156254975856,0.0,50.00088459565133,0.0,50.00088459565133,0.0,50.00088459565133,0.0,46.56776887284822,0.0,50.00088459565133,0.0,95.73624896060012,100.0,8.962723139253047,19.72547725452342,69.02588326875785,36.77245130523051,3.004971427560462,0.6195958713888967,99.9980468318271,99.99999999837758,72.25536969594548,63.07384527594577,100.0,True,69.2,9,13,43.7,47,builtup_change,ntl_growth_log,ndbi_growth,Steady Grower
4754968130,Gandhinagaram,Andhra Pradesh,Krishna,,16.3773888,81.333198,0.756153,0.8153495,0.9688078,1.7585852,2.2887082,4.568558,0.6934822746685574,0.0,1.0,1.0,3.783216,,,,,,,,,,,,,,,,,0.0,0.0,25.15,82.75,504.184338354804,6.224923389114571,,,,2023.0,0.3160754899999999,2.2798498000000005,1.9637743100000005,99.21801744422623,100.0,86.61960617801603,20.46516104118063,69.98036197654052,12.066937624028764,51.616156254975856,0.0,50.00088459565133,0.0,50.00088459565133,0.0,50.00088459565133,0.0,46.56776887284822,0.0,50.00088459565133,0.0,95.73624896060012,100.0,95.274490030607,60.701064035178455,28.73166675512624,15.018609669367148,42.98957946322736,16.550143871503423,99.9980468318271,99.99999999837758,70.36861659514025,62.96285979942782,100.0,True,69.2,9,13,52.8,48,builtup_change,ntl_growth_log,ndbi_growth,Urban Fringe Expansion
5379982714,Sitarampuram,Andhra Pradesh,Krishna,,16.3568329,81.2956953,2.3770442,2.178451,1.4514807,10.411758,12.280487,15.584907,3.008734216008868,0.0,1.0,1.0,4.720198,,,,,,,,,,,,,,,,,0.0,0.0,21.03,87.13,555.6422888560508,6.321922823309612,,,,2022.0,-0.4627817499999999,2.5865745,3.04935625,99.41970525272896,100.0,99.29763105284574,100.0,96.7676874900483,58.97540438258535,51.616156254975856,0.0,50.00088459565133,0.0,50.00088459565133,0.0,50.00088459565133,0.0,46.56776887284822,0.0,50.00088459565133,0.0,95.73624896060012,100.0,97.78851087168056,77.15363307017084,21.7407073226828,11.730795012736294,44.8569608831803,17.529865863085863,99.9980468318271,99.99999999837758,69.71898898835369,62.92464641079332,99.61977186311786,True,69.2,9,13,45.0,49,builtup_change,ntl_growth_log,ndbi_growth,Market Corridor Growth
7953269576,Asar,Jammu and Kashmir,Ramban,,33.4660584,75.1829839,0.5310981,0.79839706,1.7973285,8.557789,7.7793636,8.319178,1.904107359477452,0.0,1.0,1.0,5.6202464,,,,,,,,,,,,,,,,,0.0,0.0,80.13,163.95,1466.4108005658466,7.291254766594804,,,,2022.0,0.6331152,-0.1193054999999994,-0.7524206999999994,99.95753940873628,100.0,97.82389469773366,69.85071260404446,89.58653999256939,28.03736789942922,51.616156254975856,0.0,50.00088459565133,0.0,50.00088459565133,0.0,50.00088459565133,0.0,46.56776887284822,0.0,50.00088459565133,0.0,95.73624896060012,100.0,8.78580400898749,19.5356906369006,89.7298444880845,58.89337904353324,73.4665534384233,34.713026455177946,99.9980468318271,99.99999999837758,69.36587604662915,62.9038750612801,100.0,True,69.2,9,13,44.9,50,builtup_change,ntl_growth_log,ndbi_growth,Steady Grower
3148718411,Jasso Mazara,Punjab,Shahid Bhagat Singh Nagar,,31.2054832,75.8602191,1.8851055,10.237152,15.247229,14.268721,15.306787,11.250981,1.7445649862289427,0.0,1.0,1.0,14.6132145,,,,,,,,,,,,,,,,,0.0127323954473516,0.004456338406573,30.63,38.56,496.83561477063216,6.210269931710662,,,,2021.0,8.3520465,-1.0950678000000005,-9.4471143,99.18971038338375,100.0,97.43821099375477,63.34243171725804,93.97767280576048,40.521212008592464,51.616156254975856,0.0,50.00088459565133,0.0,50.00088459565133,0.0,50.00088459565133,0.0,95.11703200467066,33.33333333333284,50.00088459565133,0.0,95.73624896060012,100.0,0.0849211825274667,0.0,38.419758328468056,19.39172236799265,19.74329034198468,6.665688435880552,99.9980468318271,99.99999999837758,68.73060506268662,62.86650617987172,100.0,True,69.2,9,13,34.8,51,builtup_change,ntl_growth_log,ndbi_growth,Urban Fringe Expansion
3847419359,Basavanahalli,Karnataka,Hassan,,13.4440125,76.1471113,0.62184155,0.9664347,1.4064289,1.9710958,2.7877355,4.487881,0.7245362077440534,0.0,1.0,1.0,1.5748606,,,,,,,,,,,,,,,,,0.0254647908947032,0.0089126768131461,80.86,37.91,621.7081264511836,6.434077912140423,,,,2023.0,0.448775695,1.7001454999999996,1.2513698049999995,99.58070166127064,100.0,87.62096845531907,21.731957535300623,69.07984360348884,11.723408713254411,51.616156254975856,0.0,50.00088459565133,0.0,50.00088459565133,0.0,50.00088459565133,0.0,97.81770252817437,66.66666666666643,50.00088459565133,0.0,95.73624896060012,100.0,90.16152716593244,49.90419659709994,90.09164410947756,59.47592872783919,19.339914724979213,6.520295902883157,99.9980468318271,99.99999999837758,67.03263736970216,62.766625727343225,99.76744186046513,True,69.2,9,13,48.6,52,builtup_change,ntl_growth_log,ndbi_growth,Steady Grower
5611761530,Agraharam,Telangana,Khammam,,17.2129398,80.001135,0.66762245,0.88548696,0.9510052,1.9328145,3.4601307,3.7000067,0.681933195250375,0.0,1.0,1.0,1.9191331,,,0.03699448,,,,,,,0.38695866,,,,,,,0.0127323954473516,0.004456338406573,17.94,200.05,454.2064530634043,6.120751059037219,,,,2023.0,0.386109439,0.2398759999999997,-0.1462334390000003,98.98448419227572,99.84012033434036,86.18615430886541,19.994034460154687,57.79417228384906,8.368578958725843,51.616156254975856,0.0,50.00088459565133,0.0,50.00088459565133,0.0,50.00088459565133,0.0,95.11703200467066,33.33333333333284,50.00088459565133,0.0,95.73624896060012,100.0,24.63952727208393,28.72277950808745,16.759549210056083,9.264934020263157,81.42879889602462,42.78790405703325,99.9980468318271,99.99999999837758,68.00846279464756,62.758194419421336,100.0,True,69.2,9,13,46.1,53,builtup_change,ntl_growth_log,ndbi_growth,Urban Fringe Expansion
3217961889,Ichgaon,Maharashtra,Solapur,,17.6021918,75.6034156,2.8030405,2.6636038,2.6136572,7.99383,18.217894,17.86923,3.6392568928854807,0.0,1.0,1.0,4.468688,,,,0.019475225,,,,,,,0.19289908,,,,,,0.0,0.0,31.2,48.76,537.4945349523135,6.288777347895574,,,,2023.0,1.55224219,-0.3486639999999994,-1.9009061899999995,99.35955274843867,100.0,99.58777842648124,100.0,97.6434371848628,68.70222853379066,51.616156254975856,0.0,50.00088459565133,0.0,50.00088459565133,0.0,50.00088459565133,0.0,46.56776887284822,0.0,50.00088459565133,0.0,95.73624896060012,100.0,2.253949719583179,2.129784998941964,39.41404384056048,19.846589929710994,25.81338570139589,8.947232799839666,99.9980468318271,99.99999999837758,65.99244556409162,62.70543797407201,100.0,True,69.2,9,13,38.5,54,builtup_change,ntl_growth_log,ndbi_growth,Market Corridor Growth
3223052646,Nitturu,Karnataka,Tumkur,,12.952501,77.0901525,1.2676264,1.6753706,2.2229292,3.1075244,5.5662317,6.8892474,1.1618652479989189,0.0,1.0,1.0,1.4233019,,,,,,,,,,,,,,,,,0.0,0.0,41.91,40.41,443.4761693192884,6.096896441186707,,,,2023.0,0.6067252599999999,1.3230157,0.7162904400000001,98.90840896626152,99.0058915368419,94.51550696176778,39.572109815685394,85.44132477044742,21.94861272136225,51.616156254975856,0.0,50.00088459565133,0.0,50.00088459565133,0.0,50.00088459565133,0.0,46.56776887284822,0.0,50.00088459565133,0.0,95.73624896060012,100.0,77.60557649098597,41.79478553609575,56.11167135502362,28.393312010418864,20.84638111919042,7.079497952873136,99.9980468318271,99.99999999837758,71.34206735988907,62.61078283017148,100.0,True,69.2,9,13,51.8,55,builtup_change,ntl_growth_log,ndbi_growth,Steady Grower
3915230497,Kallenahalli,Karnataka,Hassan,,12.872605,76.1558266,0.53569794,0.5717611,0.6917488,1.5234299,2.4059558,2.843596,0.5106787272862026,0.0,1.0,1.0,1.7227322,,,,,,,,,,,,,,,,,0.0,0.0,80.78,14.57,430.82078307039967,6.068010648164677,,,,2022.0,0.07802543,0.6600830499999999,0.5820576199999998,98.81994940112877,97.99571562337448,76.55644604851123,13.007977038958494,38.1473028678591,4.72191590796173,51.616156254975856,0.0,50.00088459565133,0.0,50.00088459565133,0.0,50.00088459565133,0.0,46.56776887284822,0.0,50.00088459565133,0.0,95.73624896060012,100.0,71.43463722732339,39.76041608277589,90.06245245298375,59.41208766654539,4.455708295738018,1.2995855641767116,99.9980468318271,99.99999999837758,77.84753466406735,62.577502589577726,99.65116279069768,True,69.2,9,13,47.4,56,builtup_change,ntl_growth_log,ndbi_growth,Steady Grower
8892986300,Village_8892986300,Uttar Pradesh,Bulandshahr,,28.1514711,77.904635,1.5742775,1.5939679,3.8173344,7.6710763,19.154198,26.159685,5.127470551218305,0.0,1.0,1.0,7.3762326,,,0.06963081,,,,,,,0.19446458,,,,,,,0.0254647908947032,0.0089126768131461,29.31,90.08,1561.6946504031214,7.354166950109577,,,,2023.0,2.05137629,7.005486999999999,4.954110709999998,99.96284698264424,100.0,99.8531571218796,100.0,99.0924048617377,100.0,51.616156254975856,0.0,50.00088459565133,0.0,50.00088459565133,0.0,50.00088459565133,0.0,97.81770252817437,66.66666666666643,50.00088459565133,0.0,95.73624896060012,100.0,99.1401730269094,100.0,36.024273304672434,18.3383448566449,46.09362560373653,18.18972428207404,99.9980468318271,99.99999999837758,63.288696214375726,62.54639389467696,100.0,True,69.2,9,13,46.6,57,builtup_change,ntl_growth_log,ndbi_growth,NTL Breakout
7966413158,Village_7966413158,Chhattisgarh,Raigarh,,22.2632833,83.356533,1.477612,2.3312612,3.7436974,4.4586573,10.509606,10.360261,1.9903782912663053,0.0,1.0,1.0,2.0459228,,,,,,,,,,,,,,,,,0.0,0.0,108.18,59.03,601.1489484384263,6.400504837360077,,,,2023.0,1.03555721,-0.1493450000000002,-1.1849022100000002,99.54001026130956,100.0,98.0131981671178,73.36999995707934,92.99046405887869,36.72845730272925,51.616156254975856,0.0,50.00088459565133,0.0,50.00088459565133,0.0,50.00088459565133,0.0,46.56776887284822,0.0,50.00088459565133,0.0,95.73624896060012,100.0,4.752047838932824,12.981204386297748,97.51517081542028,81.2776511596729,31.39076128301753,11.2444348211985,99.9980468318271,99.99999999837758,62.78577835334759,62.51681049108707,99.56140350877192,True,69.2,9,13,38.9,58,builtup_change,ntl_growth_log,ndbi_growth,Remote Village Emergence
3831355442,Arasanahalli,Karnataka,Bangalore Rural,,13.2018656,77.7997984,2.2595437,2.106613,2.5234346,3.5877194,9.78393,14.9999275,2.5085187094552177,0.0,1.0,1.0,5.5063014,,,,,,,,,,,,,,,,,0.0,0.0,35.03,31.18,563.8476387953905,6.336556028931201,,,,2022.0,0.1319454499999999,5.70610405,5.5741586000000005,99.4427047396635,100.0,98.82879535764202,94.50672565388058,96.50761636855792,56.48451639145625,51.616156254975856,0.0,50.00088459565133,0.0,50.00088459565133,0.0,50.00088459565133,0.0,46.56776887284822,0.0,50.00088459565133,0.0,95.73624896060012,100.0,99.3436300267148,100.0,45.774286573607206,22.90298073915181,14.9098597031297,5.014923984310133,99.9980468318271,99.99999999837758,61.91120258884395,62.46536485788098,99.85875706214688,True,69.2,9,13,43.0,59,builtup_change,ntl_growth_log,ndbi_growth,NTL Breakout
10084968888,Sandarwan,Maharashtra,Bid,,19.0837766,75.9567046,0.6655945,0.7925084,0.6891021,1.0603954,1.4694736,4.993878,0.6869601607322692,0.0,1.0,1.0,1.9759687,,,,,,,,,,,,,,,,,0.0,0.0,84.94,106.71,650.2883512408831,6.478952479995332,,,,2023.0,0.10809964,3.5244044,3.41630476,99.62846982644234,100.0,86.3701502043416,20.199101632581577,74.28657360720415,13.87798310577133,51.616156254975856,0.0,50.00088459565133,0.0,50.00088459565133,0.0,50.00088459565133,0.0,46.56776887284822,0.0,50.00088459565133,0.0,95.73624896060012,100.0,98.21134759301523,82.71493201096071,91.93779523379864,62.73182285382314,53.45788440104029,21.90953631860738,99.9980468318271,99.99999999837758,61.616956078542,62.44805623962792,100.0,True,69.2,9,13,55.8,60,builtup_change,ntl_growth_log,ndbi_growth,Steady Grower
5433937539,Jhadashahapura,Karnataka,Belgaum,,15.7658501,74.4899171,1.0594072,1.156055,1.5471928,9.431069,17.973879,13.369047,3.425301367895944,0.0,1.0,1.0,6.3641343,,,,,,,,,,,,,,,,,0.0,0.0,11.12,88.03,1161.9365811370735,7.0587036206251845,,,,2023.0,2.55061232,-4.604832,-7.15544432,99.91861720007785,100.0,99.50285724395378,100.0,95.64425101286204,49.5401009847341,51.616156254975856,0.0,50.00088459565133,0.0,50.00088459565133,0.0,50.00088459565133,0.0,46.56776887284822,0.0,50.00088459565133,0.0,95.73624896060012,100.0,0.1786883215682111,0.0,7.152840436636414,3.822483544966452,45.22672186543531,17.73117860108226,99.9980468318271,99.99999999837758,61.335504696321934,62.43150027596791,100.0,True,69.2,9,13,34.6,61,builtup_change,ntl_growth_log,ndbi_growth,Urban Fringe Expansion
5610015325,Pinnapuram,Andhra Pradesh,Kurnool,,15.5879571,78.2669895,0.54376644,0.515817,0.60416317,1.6006349,2.4328876,3.0456998,0.5502100127083914,0.0,1.0,1.0,0.71355927,,,0.004859582,,,,,,,-0.009042645,,,,,,,0.0,0.0,23.09,235.06,460.1117641610982,6.133640452140506,,,,2022.0,0.030198365,0.72253245,0.6923340849999999,99.02694478353943,100.0,79.65253082815845,14.62059382598961,43.47433788015498,5.582489532134129,51.616156254975856,0.0,50.00088459565133,0.0,50.00088459565133,0.0,50.00088459565133,0.0,46.56776887284822,0.0,50.00088459565133,0.0,95.73624896060012,100.0,76.72982679617148,41.43171429297587,25.23574474107885,13.37470234105172,86.80714045609751,50.61896956509292,99.9980468318271,99.99999999837758,61.21673428214696,62.42451378101645,100.0,True,69.2,9,13,54.3,62,builtup_change,ntl_growth_log,ndbi_growth,Urban Fringe Expansion
7362037594,Santoshpura,Rajasthan,Sikar,,27.3748256,75.4641974,1.0388241,0.91602504,1.1093822,2.4430122,3.9582055,7.1784916,1.17595739705222,0.0,1.0,1.0,3.3825283,,,,-0.00043065613,,,,,,,0.22731364,,,,,,0.0,0.0,42.29,231.43,591.0208956453744,6.38354193095936,,,,2022.0,0.0352790499999999,2.3677397,2.33246065,99.522318348283,100.0,94.637581161651,40.14697693386776,86.49930116943545,23.18023691380616,51.616156254975856,0.0,50.00088459565133,0.0,50.00088459565133,0.0,50.00088459565133,0.0,46.56776887284822,0.0,50.00088459565133,0.0,95.73624896060012,100.0,96.47754011641278,66.28870070966907,56.640659554517626,28.69655705156443,86.32768961307787,49.80700818850747,99.9980468318271,99.99999999837758,60.91501013378844,62.40676530170124,100.0,True,69.2,9,13,55.1,63,builtup_change,ntl_growth_log,ndbi_growth,Steady Grower
7314779082,Bandhewa,Rajasthan,Jaisalmer,,26.4273851,71.6890311,1.0401641,1.0278091,2.064446,1.5158563,2.2817428,9.139692,1.248881493295942,0.0,1.0,1.0,0.96804345,,,,-0.008209748,,,,,,,0.25029966,,,,,,0.0,0.0,136.76,461.61,778.6778932285781,6.65888087699399,,,,2023.0,0.24637135,6.8579492,6.61157785,99.7806202784707,100.0,95.14887744811848,43.12180106431941,91.191196504078,31.5311800230221,51.616156254975856,0.0,50.00088459565133,0.0,50.00088459565133,0.0,50.00088459565133,0.0,46.56776887284822,0.0,50.00088459565133,0.0,95.73624896060012,100.0,99.53647187870423,100.0,99.19678714859438,100.0,99.0888664791324,100.0,99.9980468318271,99.99999999837758,57.2670238981858,62.19217787607755,100.0,True,69.2,9,13,50.6,64,builtup_change,ntl_growth_log,ndbi_growth,NTL Breakout
245753257,राम स्नेही घाट,Uttar Pradesh,Barabanki,,26.8065318,81.5263347,2.9792476,2.5717235,4.4801717,8.575048,13.759874,17.267107,3.1171036175319125,0.0,1.0,1.0,18.28356,,,,,,,,,,,,,,,,,0.0,0.0,63.14,229.81,479.5794548932421,6.174992573518951,,,,2021.0,-0.4075240999999998,4.35456319,4.762087289999999,99.12601949648815,100.0,99.35778355713605,100.0,97.42936503724148,66.13834219267505,51.616156254975856,0.0,50.00088459565133,0.0,50.00088459565133,0.0,50.00088459565133,0.0,46.56776887284822,0.0,50.00088459565133,0.0,95.73624896060012,100.0,99.06940537480318,100.0,79.60210887603276,45.33513365126184,86.10654070024592,49.44464526011396,99.9980468318271,99.99999999837758,56.63882023266221,62.155224719282046,100.0,True,69.2,9,13,52.9,65,builtup_change,ntl_growth_log,ndbi_growth,Steady Grower
342114711,Janki Chatti,Uttarakhand,Uttarkashi,,30.9764513,78.4383369,0.53593737,0.0,0.0,0.8260996,2.1812673,4.4821563,0.7743141685213362,0.0,1.0,1.0,4.0155935,,,,,,,,,,,,,,,,,0.0127323954473516,0.004456338406573,83.0,249.77,736.3209119005827,6.603023227404432,,,,2022.0,-0.267968685,1.82802835,2.095997035,99.73992887850964,100.0,88.97793818445588,23.762571372324143,69.0303062470145,11.699032497536056,51.616156254975856,0.0,50.00088459565133,0.0,50.00088459565133,0.0,50.00088459565133,0.0,95.11703200467066,33.33333333333284,50.00088459565133,0.0,95.73624896060012,100.0,95.77870955186384,62.704969434578615,91.09654476938591,61.18367711744842,88.80898041505228,53.90931442723396,99.9980468318271,99.99999999837758,56.179365750314886,62.128197985026326,100.0,True,69.2,9,13,56.8,66,builtup_change,ntl_growth_log,ndbi_growth,Steady Grower
7966413062,Village_7966413062,Chhattisgarh,Raigarh,,22.1497088,83.5115003,1.6107239,1.3347504,1.5883541,2.178165,3.4502714,8.816441,1.2275702101843695,0.0,1.0,1.0,1.1932303,,,,,,,,,,,,,,,,,0.0,0.0,88.86,54.3,447.35892352500633,6.105594080233352,,,,2023.0,0.1955927,5.366169599999999,5.1705769,98.936716027104,99.3100599376282,95.00911133520869,42.25244069488391,90.605594182899,30.154752243893984,51.616156254975856,0.0,50.00088459565133,0.0,50.00088459565133,0.0,50.00088459565133,0.0,46.56776887284822,0.0,50.00088459565133,0.0,95.73624896060012,100.0,99.22332501813422,100.0,93.42833890628592,65.86003485721949,28.857279337614777,10.18642454261746,99.9980468318271,99.99999999837758,60.82228261449124,62.11721777488361,99.3421052631579,True,69.2,9,13,48.0,67,builtup_change,ntl_growth_log,ndbi_growth,NTL Breakout
2554427576,Narayanapura,Karnataka,Haveri,,14.9313061,75.2380008,1.6180835,1.9653397,3.2147155,4.3228664,7.729862,8.23218,1.4706342697143553,0.0,1.0,1.0,6.721275,,,,,,,,,,,,,,,,,0.0,0.0,49.23,49.77,408.7611362454409,6.015574395400907,,,,2023.0,0.9363724499999998,0.5023179999999998,-0.43405445,98.65541460998178,96.16194773983214,96.39084974258266,52.16785777621096,89.41669762751447,27.666923681380123,51.616156254975856,0.0,50.00088459565133,0.0,50.00088459565133,0.0,50.00088459565133,0.0,46.56776887284822,0.0,50.00088459565133,0.0,95.73624896060012,100.0,14.77097818587124,24.36069970672414,65.45388602869629,34.23476911880184,26.35033526175185,9.17315042803562,99.9980468318271,99.99999999837758,81.20718636827367,62.02004826719008,99.75490196078432,True,69.2,9,13,45.8,68,builtup_change,ntl_growth_log,ndbi_growth,Steady Grower
8016228489,Village_8016228489,Chhattisgarh,Bilaspur,,22.2795461,82.2228169,3.544252,3.9576263,3.8230996,14.666349,17.804718,21.173615,4.015181078229632,0.0,1.0,1.0,5.414601,,,,,,,,,,,,,,,,,0.0,0.0,21.96,97.74,497.4071538931205,6.211417321088369,,,,2022.0,0.1394237999999998,3.2536330000000007,3.114209200000001,99.19678714859438,100.0,99.69392990464058,100.0,98.45726518408436,82.77255563853045,51.616156254975856,0.0,50.00088459565133,0.0,50.00088459565133,0.0,50.00088459565133,0.0,46.56776887284822,0.0,50.00088459565133,0.0,95.73624896060012,100.0,97.8628169063921,78.13651386219831,23.362171151566617,12.472947350276756,49.49312669178919,19.90311936324333,99.9980468318271,99.99999999837758,52.46116091912332,61.90948005377976,100.0,True,69.2,9,13,45.6,69,builtup_change,ntl_growth_log,ndbi_growth,Market Corridor Growth
10103582672,Dharanwadi,Maharashtra,Solapur,,17.4575298,75.3324258,1.4554752,1.0674926,1.1573129,4.0822473,9.34771,8.079738,1.7396256514957973,0.0,1.0,1.0,1.8110343,,,,-0.011972428,,,,,,,0.2674365,,,,,,0.0,0.0,62.71,24.42,455.1271502255759,6.122771608860218,,,,2023.0,0.79701366,-1.2679719999999983,-2.0649856599999987,98.993330148789,99.9107817408525,97.42228827203084,63.14093930378429,89.08939723652318,27.01781384566161,51.616156254975856,0.0,50.00088459565133,0.0,50.00088459565133,0.0,50.00088459565133,0.0,46.56776887284822,0.0,50.00088459565133,0.0,95.73624896060012,100.0,1.9744174937636008,0.0,79.2659625285282,44.99198794680764,10.321462059692514,3.5028416411372296,99.9980468318271,99.99999999837758,51.737584504533984,61.83017980503731,99.55555555555556,True,69.2,9,13,37.0,70,builtup_change,ntl_growth_log,ndbi_growth,Steady Grower
8311016799,Village_8311016799,Uttar Pradesh,Mirzapur,,24.9951212,82.3410058,1.083274,1.0160522,2.0330904,2.373302,3.8840086,5.519421,0.8892804656709944,0.0,1.0,1.0,8.607207,,,,,,,,,,,,,,,,,0.0,0.0,28.8,88.13,409.5129210153663,6.017407404683025,,,,2023.0,0.4887122199999998,1.6354124000000003,1.1467001800000003,98.66779894910036,96.22605059567364,91.3663464430409,28.452441148789443,78.52024839445889,16.115785879239393,51.616156254975856,0.0,50.00088459565133,0.0,50.00088459565133,0.0,50.00088459565133,0.0,46.56776887284822,0.0,50.00088459565133,0.0,95.73624896060012,100.0,88.68248323691242,48.317873015501625,35.16267714027918,17.931358090896907,45.26741326539639,17.753546683081854,99.9980468318271,99.99999999837758,76.92995113887444,61.79484148845427,100.0,True,69.2,9,13,54.5,71,builtup_change,ntl_growth_log,ndbi_growth,Urban Fringe Expansion
9161180826,Village_9161180826,Uttar Pradesh,Maharajganj,,27.1232177,83.7524056,1.4574817,1.0681293,1.2149041,2.4201138,4.7142806,7.0504293,1.1459543330328803,0.0,1.0,1.0,11.939056,,,,,,,,,,,,,,,,,0.0,0.0,56.31,129.69,383.7405025394144,5.952569087656458,,,,2022.0,-0.1212887999999999,2.31515775,2.43644655,98.40949701891265,93.95856546621742,94.3633565097394,38.92304899468673,86.03046547423173,22.6349377277896,51.616156254975856,0.0,50.00088459565133,0.0,50.00088459565133,0.0,50.00088459565133,0.0,46.56776887284822,0.0,50.00088459565133,0.0,95.73624896060012,100.0,96.74468800311378,67.86466207691126,73.31086460378961,39.8847030433034,62.57010420536773,27.04972156211527,99.9980468318271,99.99999999837758,92.77919879650088,61.793479826773854,98.88579387186628,True,69.2,9,13,56.8,72,builtup_change,ntl_growth_log,ndbi_growth,Steady Grower
3951490063,Sindhuvalli,Karnataka,Mysore,,12.0533633,76.6865798,1.3793068,1.5916913,1.7562847,3.8533964,7.3992,8.156197,1.5258310522351948,0.0,1.0,1.0,4.596807,,,,,,,,,,,,,,,,,0.0,0.0,28.85,29.03,491.32580220731177,6.19914069694325,,,,2023.0,0.75868622,0.7569970000000001,-0.0016892199999998,99.16671089644925,100.0,96.63499814234912,54.419523947259606,89.25923960157812,27.34338218594317,51.616156254975856,0.0,50.00088459565133,0.0,50.00088459565133,0.0,50.00088459565133,0.0,46.56776887284822,0.0,50.00088459565133,0.0,95.73624896060012,100.0,31.578295561099026,30.91342367236544,35.23786777064204,17.971258754205536,13.431700369760982,4.534010221318752,99.9980468318271,99.99999999837758,50.08106038435084,61.76947413996962,100.0,True,69.2,9,13,44.6,73,builtup_change,ntl_growth_log,ndbi_growth,Urban Fringe Expansion
4775758177,Suryanarayanapuram,Andhra Pradesh,West Godavari,,16.9861297,81.486605,1.0054607,0.84939253,3.665884,13.616704,11.8296385,7.491235,2.15201222896576,0.0,1.0,1.0,2.9785113,,,,0.022582129,,,,,,,0.3136782,,,,,,0.0127323954473516,0.004456338406573,31.49,45.67,645.0549782801057,6.470884605858076,,,,2022.0,1.33021165,-3.0627345000000004,-4.39294615,99.62316225253436,100.0,98.31396068856924,79.96360293518482,87.54666242060753,24.511922518797245,51.616156254975856,0.0,50.00088459565133,0.0,50.00088459565133,0.0,50.00088459565133,0.0,95.11703200467066,33.33333333333284,50.00088459565133,0.0,95.73624896060012,100.0,0.5130654777701112,0.0,39.958070166127065,20.07801377690103,24.108769881287262,8.256059066052053,99.9980468318271,99.99999999837758,49.03253617429859,61.70779624526066,100.0,True,69.2,9,13,36.8,74,builtup_change,ntl_growth_log,ndbi_growth,Urban Fringe Expansion
3779960070,Benachakallu,Karnataka,Tumkur,,12.8330849,77.0889367,0.6172883,0.6885627,0.85749286,1.4126599,1.9671488,3.2366812,0.4996539984430586,0.0,1.0,1.0,1.2730322,,,,,,,,,,,,,,,,,0.0,0.0,33.92,41.39,424.3386599098023,6.052885698457118,,,,2023.0,0.255504496,1.2695324,1.0140279040000002,98.77571961856236,97.46677532821522,75.53208428427367,12.558240517237875,48.141464536560335,6.39570311618113,51.616156254975856,0.0,50.00088459565133,0.0,50.00088459565133,0.0,50.00088459565133,0.0,46.56776887284822,0.0,50.00088459565133,0.0,95.73624896060012,100.0,86.30999770005131,46.30715443269288,43.98474957097111,22.0171860137003,21.51336624029156,7.298705156469208,99.9980468318271,99.99999999837758,66.18270733914466,61.673537331281416,99.88023952095809,True,69.2,9,13,54.4,75,builtup_change,ntl_growth_log,ndbi_growth,Urban Fringe Expansion
3019709659,Hittala,Karnataka,Shimoga,,14.1746945,75.3464931,0.5204818,0.5932569,1.2435764,2.2692974,2.4925265,2.6805708,0.5006849987166269,0.0,1.0,1.0,5.9964,,,,0.17154172,,,,,,,0.33613935,,,,,,0.0,0.0,34.86,54.33,415.0172013699615,6.0307266088534215,,,,2022.0,0.3615473,0.2056366999999999,-0.1559106000000001,98.71910549687738,96.69184148565292,75.65062010155158,12.600298556353817,33.3227181855174,4.027741987454396,51.616156254975856,0.0,50.00088459565133,0.0,50.00088459565133,0.0,50.00088459565133,0.0,46.56776887284822,0.0,50.00088459565133,0.0,95.73624896060012,100.0,24.22199812465722,28.57611700980084,45.50448489995223,22.76731848390248,28.869663676733364,10.19313496721734,99.9980468318271,99.99999999837758,71.39868703156712,61.66126926036885,100.0,True,69.2,9,13,54.0,76,builtup_change,ntl_growth_log,ndbi_growth,Urban Fringe Expansion
3342695027,Bettahalli,Karnataka,Mandya,,12.4269802,76.8529365,0.6975451,0.63766557,0.7349155,1.0989579,3.1707466,3.5583534,0.636209341457912,0.0,1.0,1.0,2.270512,,,,,,,,,,,,,,,,,0.0,0.0,17.34,23.52,410.1252091083429,6.018897813133823,,,,2023.0,0.130148833,0.3876067999999999,0.2574579669999999,98.674875714311,96.27817222920734,84.37627160624879,18.12880155902329,54.993542451745306,7.765408242702791,51.616156254975856,0.0,50.00088459565133,0.0,50.00088459565133,0.0,50.00088459565133,0.0,46.56776887284822,0.0,50.00088459565133,0.0,95.73624896060012,100.0,48.41038161456399,34.84093649036753,15.80949348053005,8.786126060559631,9.685437786387842,3.3015289031408366,99.9980468318271,99.99999999837758,74.19309806608287,61.65531198033336,99.63325183374084,True,69.2,9,13,47.6,77,builtup_change,ntl_growth_log,ndbi_growth,Urban Fringe Expansion
11622423989,Taticherla - Motu Circle,Andhra Pradesh,Prakasam,,15.3815195,79.0345165,1.0948896,0.82450753,4.6966143,5.956645,6.3125815,5.8517747,1.1859622291156224,0.0,1.0,1.0,4.2157135,,,,,,,,,,,,,,,,,0.0,0.0,58.92,285.29,434.4625339394949,6.076408762602087,,,,2021.0,-0.2703820699999999,0.3821417699999999,0.6525238399999999,98.8411796967606,98.2894092365893,94.72780991808644,40.55510836608812,80.60612494028979,17.530973659558743,51.616156254975856,0.0,50.00088459565133,0.0,50.00088459565133,0.0,50.00088459565133,0.0,46.56776887284822,0.0,50.00088459565133,0.0,95.73624896060012,100.0,75.00840365868761,40.8283689534592,75.83107761442245,41.96751766801373,92.84981335031756,61.85445715349158,99.9980468318271,99.99999999837758,60.05002845574355,61.65152312394125,100.0,True,69.2,9,13,58.0,78,builtup_change,ntl_growth_log,ndbi_growth,Steady Grower
3764220037,Sopanahalli,Karnataka,Tumkur,,13.3370875,76.8108226,1.4119132,1.2612858,1.550779,3.5226312,4.771347,7.352658,1.2058788333620345,0.0,1.0,1.0,3.4599733,,,,,,,,,,,,,,,,,0.0,0.0,29.67,81.73,420.7584998851205,6.044432875070343,,,,2021.0,-0.1506274,1.86543528,2.01606268,98.75272013162784,97.17116846779072,94.86934522229888,41.36757499866546,87.12559489057551,23.9218509262941,51.616156254975856,0.0,50.00088459565133,0.0,50.00088459565133,0.0,50.00088459565133,0.0,46.56776887284822,0.0,50.00088459565133,0.0,95.73624896060012,100.0,95.490331369531,61.49352196530229,36.70187357358951,18.625629632467017,42.50216725934576,16.32198943510751,99.9980468318271,99.99999999837758,67.22724549586437,61.61326028032541,99.76047904191616,True,69.2,9,13,51.3,79,builtup_change,ntl_growth_log,ndbi_growth,Urban Fringe Expansion
8483631987,Kesaipāli,Odisha,Bargarh,,21.1554279,83.4292531,0.52022916,0.63350934,2.7029555,5.675091,4.2422132,2.8995674,0.7341410875320434,0.0,1.0,1.0,2.8247063,,,,,,,,,,,,,,,,,0.0,0.0,65.56,16.84,457.363489582168,6.127662514720139,,,,2022.0,1.09136317,-1.3877618,-2.47912497,99.00217610530228,100.0,87.88811634202006,22.123773541739787,39.661730622932254,4.960246461607941,51.616156254975856,0.0,50.00088459565133,0.0,50.00088459565133,0.0,50.00088459565133,0.0,46.56776887284822,0.0,50.00088459565133,0.0,95.73624896060012,100.0,1.466659589901456,0.0,81.37130017868832,47.26632575539937,5.647258638076536,1.8073410255676128,99.9980468318271,99.99999999837758,45.98545381139691,61.52855610626644,100.0,True,69.2,9,13,39.2,80,builtup_change,ntl_growth_log,ndbi_growth,Steady Grower
8039800306,Village_8039800306,Gujarat,Surendranagar,,22.871035,71.8939303,0.59788036,0.82929236,1.347708,1.5311782,2.3878698,3.1385105,0.5017815198217119,0.0,1.0,1.0,1.2901881,,,,0.10317605,,,,,,,0.25603572,,,,,,0.0,0.0,72.39,258.29,424.9395547965482,6.054297446053063,,,,2022.0,0.3749138199999999,0.8036661500000001,0.4287523300000001,98.777488809865,97.5161460834592,75.7532331971056,12.645029415027128,45.86451533004264,5.977684676713188,51.616156254975856,0.0,50.00088459565133,0.0,50.00088459565133,0.0,50.00088459565133,0.0,46.56776887284822,0.0,50.00088459565133,0.0,95.73624896060012,100.0,61.44401394122746,37.43699324916231,85.60320577464041,52.7167563633578,89.91030200095537,55.8150750135998,99.9980468318271,99.99999999837758,62.111243765329256,61.45436860851038,100.0,True,69.2,9,13,59.0,81,builtup_change,ntl_growth_log,ndbi_growth,Steady Grower
9675023560,Bar Ka Para,Rajasthan,Dausa,,26.5255953,76.2490108,2.7044618,2.3034618,7.457153,2.2537096,42.096657,38.89123,8.431714010238649,0.0,1.0,1.0,4.622483,,,,,,,,,,,,,,,,,0.0,0.0,62.84,258.69,1338.0395389574371,7.199707873976222,,,,2023.0,0.38014346,-3.205427,-3.5855704600000005,99.94515506961768,100.0,99.97876970436812,100.0,99.72223696548308,100.0,51.616156254975856,0.0,50.00088459565133,0.0,50.00088459565133,0.0,50.00088459565133,0.0,46.56776887284822,0.0,50.00088459565133,0.0,95.73624896060012,100.0,0.7448295384179892,0.0,79.36769102843091,45.09572967141008,89.96514693133769,55.9045473415982,99.9980468318271,99.99999999837758,44.30847394631169,61.42991023184967,100.0,True,69.2,9,13,39.6,82,builtup_change,ntl_growth_log,ndbi_growth,Steady Grower
3556799049,Nandihalli,Karnataka,Haveri,,14.9573613,75.2840747,0.5702454,0.8832512,1.5108725,1.9613283,2.3765452,2.7155683,0.4473414966038295,0.0,1.0,1.0,4.099478,,,,,,,,,,,,,,,,,0.0,0.0,47.85,45.88,376.2104700888424,5.932803307767611,,,,2021.0,0.3130058,0.4029304299999999,0.0899246299999999,98.31572987987192,93.26732895630462,69.95559329830334,10.4242340528241,34.42492436707181,4.176764051423376,51.616156254975856,0.0,50.00088459565133,0.0,50.00088459565133,0.0,50.00088459565133,0.0,46.56776887284822,0.0,50.00088459565133,0.0,95.73624896060012,100.0,36.91594572121083,32.3018800717842,63.83684517806911,33.13351081148374,24.21845974205191,8.30303203825121,99.9980468318271,99.99999999837758,90.9702937997266,61.40244685229363,99.50980392156865,True,69.2,9,13,56.4,83,builtup_change,ntl_growth_log,ndbi_growth,Steady Grower
9161180852,Village_9161180852,Uttar Pradesh,Maharajganj,,27.1376548,83.7833261,1.6812674,1.194229,1.3613203,2.3940208,5.178468,8.063243,1.2827227388109477,0.0,1.0,1.0,13.219657,,,,,,,,,,,,,,,,,0.0,0.0,59.65,131.73,379.59313313277823,5.94173091248378,,,,2022.0,-0.15997355,2.8346111,2.99458465,98.36172885374096,93.5795395728646,95.37710312616105,44.502301597724994,89.04162907135148,26.947576858872026,51.616156254975856,0.0,50.00088459565133,0.0,50.00088459565133,0.0,50.00088459565133,0.0,46.56776887284822,0.0,50.00088459565133,0.0,95.73624896060012,100.0,97.74605028041682,76.32354047471279,76.54317711374131,42.55006735231967,63.328202678555634,27.506030434907093,99.9980468318271,99.99999999837758,88.5214431521835,61.38695412690402,98.60724233983288,True,69.2,9,13,56.0,84,builtup_change,ntl_growth_log,ndbi_growth,Steady Grower
3897068644,Kattahalli,Karnataka,Mandya,,12.5519259,76.4619072,0.6554881,0.55076224,0.69024044,1.8089709,2.640287,3.2113116,0.5761834876877922,0.0,1.0,1.0,2.662575,,,,,,,,,,,,,,,,,0.0,0.0,33.38,33.27,389.9115025886816,5.968481198277159,,,,2022.0,0.0173761699999999,0.70117035,0.68379418,98.48203386232152,94.515033861224,81.41464536560338,15.68014100038542,47.568246554499936,6.28767739565631,51.616156254975856,0.0,50.00088459565133,0.0,50.00088459565133,0.0,50.00088459565133,0.0,46.56776887284822,0.0,50.00088459565133,0.0,95.73624896060012,100.0,76.38129610954833,41.30228751146109,43.12846098048582,21.58625884996713,16.325212745254145,5.482416898101756,99.9980468318271,99.99999999837758,80.99312605673985,61.32931547532003,99.51100244498777,True,69.2,9,13,53.7,85,builtup_change,ntl_growth_log,ndbi_growth,Urban Fringe Expansion
7964818613,Village_7964818613,Chhattisgarh,Raigarh,,22.2764883,83.3622301,0.5768998,0.5605934,0.9780235,1.345537,2.5279255,2.991502,0.5240720203944614,0.0,1.0,1.0,1.6788467,,,,,,,,,,,,,,,,,0.0,0.0,109.04,60.61,418.5479350140181,6.039177786397204,,,,2023.0,0.27233417,0.4635765000000003,0.1912423300000002,98.74033579250924,96.98739078868418,77.69049767351343,13.554335424964412,42.08906109017568,5.351711104572793,51.616156254975856,0.0,50.00088459565133,0.0,50.00088459565133,0.0,50.00088459565133,0.0,46.56776887284822,0.0,50.00088459565133,0.0,95.73624896060012,100.0,43.59818127134087,33.83740345541442,97.60097659359909,81.96394256858129,32.21608902570635,11.597850516792167,99.9980468318271,99.99999999837758,63.08703927447916,61.29404557590596,99.12280701754386,True,69.2,9,13,53.4,86,builtup_change,ntl_growth_log,ndbi_growth,Remote Village Emergence
3895651023,Yagachaguppe,Karnataka,Mandya,,12.5589514,76.4688868,0.87051547,0.54946774,0.8024025,2.441152,3.3166125,4.2046127,0.7603048614093235,0.0,1.0,1.0,3.102791,,,,,,,,,,,,,,,,,0.0,0.0,33.59,33.47,383.0026398037476,5.950649427053024,,,,2022.0,-0.0340564849999999,0.88173035,0.915786835,98.39180510588608,93.8914322944834,88.62586911522743,23.19108366120546,65.54499938078304,10.517230365572908,51.616156254975856,0.0,50.00088459565133,0.0,50.00088459565133,0.0,50.00088459565133,0.0,46.56776887284822,0.0,50.00088459565133,0.0,95.73624896060012,100.0,84.0171257718097,44.81825902071324,43.47699166710897,21.753841635863363,16.456132901650655,5.527153062100954,99.9980468318271,99.99999999837758,84.01118884095975,61.25007146455743,99.38875305623472,True,69.2,9,13,51.7,87,builtup_change,ntl_growth_log,ndbi_growth,Urban Fringe Expansion
5332739447,Mithanpur,Haryana,Sirsa,,29.4089798,74.6531362,1.2140043,1.412643,1.6712523,1.9975501,2.2968562,6.4097443,0.8273610694067819,0.0,1.0,1.0,2.8646762,,,,,,,,,,,,,,,,,0.0,0.0,39.68,211.1,427.9836570595343,6.061418822770047,,,,2023.0,0.2609246699999999,4.112888099999999,3.851963429999999,98.79871910549689,97.76519042247868,90.24467915715726,25.92653649398016,83.52705978097413,19.90685140579619,51.616156254975856,0.0,50.00088459565133,0.0,50.00088459565133,0.0,50.00088459565133,0.0,46.56776887284822,0.0,50.00088459565133,0.0,95.73624896060012,100.0,98.5988004882968,89.31756980343167,52.99081789713922,26.61374242685411,83.42533128107142,45.25957711798896,99.9980468318271,99.99999999837758,55.853127069795256,61.1887917660164,100.0,True,69.2,9,13,55.8,88,builtup_change,ntl_growth_log,ndbi_growth,NTL Breakout
3554717115,Kamalanagara,Karnataka,Dharwad,,15.1144541,75.1142807,0.62647,0.81373405,1.0350955,1.4913983,3.0170226,3.0419676,0.5469616157667978,0.0,1.0,1.0,3.4259646,,,,,,,,,,,,,,,,,0.0,0.0,27.48,55.71,385.5727488946,5.957320075139728,,,,2023.0,0.281614635,0.0249449999999997,-0.2566696350000002,98.43780407975514,94.12471403333912,79.4278435327212,14.488080567616937,43.38233993241689,5.566597535644521,51.616156254975856,0.0,50.00088459565133,0.0,50.00088459565133,0.0,50.00088459565133,0.0,46.56776887284822,0.0,50.00088459565133,0.0,95.73624896060012,100.0,20.34923836314421,27.049060490016885,32.84326734249775,16.877980579549156,29.61980078905932,10.50181449881181,99.9980468318271,99.99999999837758,81.13789977560418,61.17711164730064,100.0,True,69.2,9,13,52.5,89,builtup_change,ntl_growth_log,ndbi_growth,Urban Fringe Expansion
10860238069,Mannadisala,Kerala,Pathanamthitta,,9.4186756,76.8604196,0.53417397,0.510567,0.56521904,1.2315506,2.6020834,2.652273,0.5008964487484523,0.0,1.0,1.0,9.025795,,,,,,,,,,,,,,,,,0.0,0.0,51.1,18.49,396.51857802056514,5.985241670160894,,,,2023.0,0.214678193,0.0501895999999999,-0.1644885930000001,98.55633989703308,95.10117061649277,75.68069635369673,12.608924328759096,32.521274525414434,3.907247764673304,51.616156254975856,0.0,50.00088459565133,0.0,50.00088459565133,0.0,50.00088459565133,0.0,46.56776887284822,0.0,50.00088459565133,0.0,95.73624896060012,100.0,23.89469773366594,28.44611298448132,67.52560904410593,35.727053926544485,6.61323708932647,2.176414378560999,99.9980468318271,99.99999999837758,70.32613492908577,60.94319583762751,100.0,True,69.2,9,13,48.0,90,builtup_change,ntl_growth_log,ndbi_growth,Steady Grower
2517228846,Guluru,Karnataka,Mandya,,12.6838624,76.9449554,0.7712112,0.78168666,0.7890544,1.1335244,3.4361176,3.742983,0.6619034988539559,0.0,1.0,1.0,3.3209944,,,,,,,,,,,,,,,,,0.0,0.0,12.85,50.46,385.33825753567896,5.956713300584405,,,,2023.0,0.109430734,0.3068653999999999,0.1974346659999999,98.43249650584718,94.10349429254045,85.44132477044742,19.176954410694115,58.616846239583886,8.551575370690983,51.616156254975856,0.0,50.00088459565133,0.0,50.00088459565133,0.0,50.00088459565133,0.0,46.56776887284822,0.0,50.00088459565133,0.0,95.73624896060012,100.0,44.10770836650567,33.93125158587232,9.31213842152752,5.203046495444942,26.727173009217488,9.327490193832851,99.9980468318271,99.99999999837758,76.88175160800246,60.918012450054015,99.26650366748166,True,69.2,9,13,49.4,91,builtup_change,ntl_growth_log,ndbi_growth,Urban Fringe Expansion
9958580904,Dudhanwadi,Maharashtra,Jalna,,19.9001053,75.6932956,0.88169795,0.95987886,1.5015085,1.3948796,3.1702647,4.5320573,0.7078950098582677,0.0,1.0,1.0,2.107486,,,,,,,,,,,,,,,,,0.0,0.0,38.45,33.62,414.0147257912985,6.028314003435616,,,,2022.0,0.309905275,1.5685888499999998,1.2586835749999998,98.70849034906144,96.60746935573049,87.0902110645224,21.05310596798321,69.59290908125895,11.911514818105124,51.616156254975856,0.0,50.00088459565133,0.0,50.00088459565133,0.0,50.00088459565133,0.0,46.56776887284822,0.0,50.00088459565133,0.0,95.73624896060012,100.0,90.25175592236788,50.01504065354313,51.0862834598305,25.63218610946189,16.568476549369283,5.560705185100352,99.9980468318271,99.99999999837758,57.2222101775418,60.7926173919287,99.32203389830508,True,69.2,9,13,51.4,92,builtup_change,ntl_growth_log,ndbi_growth,Steady Grower
11711328327,Lohariasal Talla,Uttarakhand,Nainital,,29.2263731,79.4903651,5.2234893,4.13925,8.468979,22.880293,24.056713,23.88418,4.784775938306536,0.0,1.0,1.0,21.672451,,,,,,,,,,,,,,,,,1.5278874536821951,0.5347606087887683,66.02,239.67,357.2456958990995,5.881219052397727,,,,2022.0,1.6227448499999997,0.5019434999999994,-1.1208013500000005,98.0698122888028,91.46335659352172,99.81069653061584,100.0,98.8411796967606,94.3143512188454,51.616156254975856,0.0,50.00088459565133,0.0,50.00088459565133,0.0,50.00088459565133,0.0,99.9938078304407,100.0,50.00088459565133,0.0,95.73624896060012,100.0,5.181961325478124,13.952686856199913,81.67737027404773,47.63341185783874,87.38035843815793,51.65013814527444,99.9980468318271,99.99999999837758,92.75550199094222,60.76464694945452,100.0,True,69.2,9,13,40.4,93,builtup_change,ntl_growth_log,ndbi_growth,Connectivity-Led Growth
11960435876,Bhageli,Madhya Pradesh,Bhind,,26.4178347,78.9652848,1.0244781,0.87925565,1.8169788,4.7619762,5.54438,6.885713,1.3213298899786812,0.0,1.0,1.0,3.0072405,,,,-0.06584693,,,,,,,0.48152494,,,,,,0.0,0.0,41.12,20.56,572.1191014234466,6.351093551003039,,,,2022.0,0.39625035,1.0618683999999998,0.6656180499999999,99.46393503529536,100.0,95.6407126302567,46.07721977727879,85.4342480052368,21.93356297258328,51.616156254975856,0.0,50.00088459565133,0.0,50.00088459565133,0.0,50.00088459565133,0.0,46.56776887284822,0.0,50.00088459565133,0.0,95.73624896060012,100.0,75.58869840595864,41.02681863841223,55.113847460325886,27.762881530142565,7.827786918599508,2.6394336759527013,99.9980468318271,99.99999999837758,32.69518639952438,60.74677567027394,100.0,True,69.2,9,13,47.4,94,builtup_change,ntl_growth_log,ndbi_growth,Steady Grower
4412006784,Birasandra,Karnataka,Bangalore Rural,,13.2842554,77.6136524,2.8299031,2.6675327,2.8232822,4.197492,6.885718,13.446378,1.9174611023494168,0.0,1.0,1.0,3.3411403,,,,,,,,,,,,,,,,,0.0,0.0,35.13,34.55,375.15330118547166,5.929996776215152,,,,2023.0,0.4258516199999998,6.56066,6.13480838,98.29449958424004,93.16918068762048,97.8628169063921,70.39545760019227,95.69378836933636,49.86938236851252,51.616156254975856,0.0,50.00088459565133,0.0,50.00088459565133,0.0,50.00088459565133,0.0,46.56776887284822,0.0,50.00088459565133,0.0,95.73624896060012,100.0,99.45331988747942,100.0,45.96005166038604,22.98278206576907,17.17353997487748,5.768728347696625,99.9980468318271,99.99999999837758,80.43789770711138,60.742480147975726,99.7175141242938,True,69.2,9,13,44.2,95,builtup_change,ntl_growth_log,ndbi_growth,NTL Breakout
9195217737,Shiradhon,Maharashtra,Sangli,,17.0182967,74.8064446,3.2576158,3.813818,3.4707758,16.678616,17.962791,16.484127,3.479637609209333,0.0,1.0,1.0,10.432619,,,0.06379743,,,,,,,0.19824985,,,,,,,0.0,0.0,29.5,69.79,406.01814369883647,6.008857763561596,,,,2022.0,0.1065800000000001,-0.0972445000000004,-0.2038245000000005,98.63949188825788,95.92705788589856,99.52939511349362,100.0,97.13037170709268,62.804352746388034,51.616156254975856,0.0,50.00088459565133,0.0,50.00088459565133,0.0,50.00088459565133,0.0,46.56776887284822,0.0,50.00088459565133,0.0,95.73624896060012,100.0,22.38203916989544,27.84995648848107,36.40641862604603,18.489967377217685,36.851370238663904,13.651240444355372,99.9980468318271,99.99999999837758,59.01097727531478,60.61766955716103,100.0,True,69.2,9,13,45.6,96,builtup_change,ntl_growth_log,ndbi_growth,Market Corridor Growth
7726161946,Village_7726161946,Chhattisgarh,Baloda Bazar,,21.8042927,82.0343542,0.7947639,0.87350065,0.9655736,1.2593492,6.8639717,10.908338,1.966658776147025,0.0,1.0,1.0,2.6708415,,,,,,,,,,,,,,,,,0.0,0.0,34.27,68.69,1272.525601628358,7.149544397576969,,,,2023.0,0.148582885,4.044366300000001,3.895783415000001,99.9363091131044,100.0,97.9742759584594,72.40239954001524,93.61675778001876,39.062211592433535,51.616156254975856,0.0,50.00088459565133,0.0,50.00088459565133,0.0,50.00088459565133,0.0,46.56776887284822,0.0,50.00088459565133,0.0,95.73624896060012,100.0,98.63241512304724,89.98168487550525,44.59688976168994,22.296490656860687,36.27992144790616,13.40519154235978,99.9980468318271,99.99999999837758,29.877636079195973,60.58103741613698,100.0,True,69.2,9,13,48.9,97,builtup_change,ntl_growth_log,ndbi_growth,NTL Breakout
245741426,Hayaghat,Bihar,Darbhanga,,26.0233338,85.8784577,3.0630999,2.9007938,3.2576137,3.6065934,4.238612,18.178028,2.283916459764753,0.0,1.0,1.0,23.174305,,,,,,,,,,,,,,,,,0.0,0.0,52.24,188.06,493.45201245313615,6.203450103791924,,,,2023.0,0.1987300399999999,13.939416,13.740685960000002,99.17378766165984,100.0,98.55810908833573,85.3444291490344,97.7389735152062,70.01711432018946,51.616156254975856,0.0,50.00088459565133,0.0,50.00088459565133,0.0,50.00088459565133,0.0,46.56776887284822,0.0,50.00088459565133,0.0,95.73624896060012,100.0,99.91507881747252,100.0,68.83657979937371,36.636789049981175,79.03154468092634,40.105971025281306,99.9980468318271,99.99999999837758,29.28863823335972,60.54639048402896,100.0,True,69.2,9,13,53.4,98,builtup_change,ntl_growth_log,ndbi_growth,NTL Breakout
3234403367,Dasanuru,Karnataka,Mysore,,12.0334796,76.8940567,1.1035459,0.932274,0.97069997,2.7949507,4.760953,5.328196,0.9838153822081428,0.0,1.0,1.0,4.394172,,,,,,,,,,,,,,,,,0.0,0.0,39.25,29.01,382.8250460628778,5.950186839555059,,,,2022.0,-0.066422965,1.2666226500000002,1.3330456150000003,98.39003591458344,93.87525497340522,92.69854749394052,32.3088447982094,77.07304990888665,15.301535027536625,51.616156254975856,0.0,50.00088459565133,0.0,50.00088459565133,0.0,50.00088459565133,0.0,46.56776887284822,0.0,50.00088459565133,0.0,95.73624896060012,100.0,91.09212179112929,51.14203673887122,52.3185252021301,26.27059672239992,13.419316030642392,4.529536604918831,99.9980468318271,99.99999999837758,71.40606001575068,60.50193204851293,99.8397435897436,True,69.2,9,13,48.9,99,builtup_change,ntl_growth_log,ndbi_growth,Steady Grower
4161789306,Kalenahalli,Karnataka,Mandya,,12.5693707,76.7450726,0.8112711,0.8187861,2.2970052,3.4742448,4.856016,3.892354,0.8198384165763855,0.0,1.0,1.0,2.068238,,,,,,,,,,,,,,,,,0.0,0.0,17.94,29.7,379.7846243999078,5.94223392500095,,,,2023.0,0.9467140200000002,-0.9636620000000002,-1.9103760200000004,98.3634980450436,93.59713061246772,90.0801443660103,25.61966167046392,61.114944358933535,9.187608650699849,51.616156254975856,0.0,50.00088459565133,0.0,50.00088459565133,0.0,50.00088459565133,0.0,46.56776887284822,0.0,50.00088459565133,0.0,95.73624896060012,100.0,2.232719423951312,1.9862647117265555,16.759549210056083,9.264934020263157,13.85453709109566,4.683876370716065,99.9980468318271,99.99999999837758,72.61430508140884,60.45848349198915,99.1442542787286,True,69.2,9,13,40.0,100,builtup_change,ntl_growth_log,ndbi_growth,Urban Fringe Expansion
