pc11_village_id,village_name,state_name,district_name,subdistrict_name,latitude,longitude,ntl_2019,ntl_2020,ntl_2021,ntl_2022,ntl_2023,ntl_2024,ntl_trend_slope,built_2020,built_2021,builtup_change,pop_2019,pop_2020,pop_growth_rate,ndbi_2019,ndbi_2024,ndbi_2020,ndbi_2021,ndbi_2022,ndbi_2023,ndbi_trend_slope,ndvi_2019,ndvi_2024,ndvi_2020,ndvi_2021,ndvi_2022,ndvi_2023,ndvi_trend_slope,tower_density_2024,tower_growth,dist_city_km,dist_highway_km,ghsl_2015,ghsl_2020,ghsl_change,s1_vv_2024,ntl_growth_pct,ntl_growth_log,ndbi_growth,ndvi_growth,s1_vv_delta,ntl_breakpoint_year,ntl_pre_slope,ntl_post_slope,ntl_acceleration,ntl_growth_log_pct,ntl_growth_log_score,ntl_trend_slope_pct,ntl_trend_slope_score,ntl_2024_pct,ntl_2024_score,ndbi_growth_pct,ndbi_growth_score,ndbi_trend_slope_pct,ndbi_trend_slope_score,ndvi_trend_slope_pct,ndvi_trend_slope_score,ghsl_change_pct,ghsl_change_score,s1_vv_delta_pct,s1_vv_delta_score,tower_growth_pct,tower_growth_score,pop_growth_rate_pct,pop_growth_rate_score,builtup_change_pct,builtup_change_score,ntl_acceleration_pct,ntl_acceleration_score,dist_city_km_pct,dist_city_km_score,dist_highway_km_pct,dist_highway_km_score,ml_growth_prob,ml_growth_prob_score,spatial_lag_score,composite_score,district_rank_pct,multi_signal_confirmed,confidence_score,signals_active,signals_attempted,inter_signal_agreement,rank,shap_top1,shap_top2,shap_top3,archetype_name
7200201165,Manjiwala,Rajasthan,Barmer,,25.7784455,72.2440338,0.88628674,0.75759196,5.2401233,3.9129553,8.808753,6.706969,1.4837064402444022,1.0,1.0,0.0,4.348036,,,0.05423129,0.02819239,,,,,,0.2120641,0.26015857,,,,,,0.0,0.0,97.56,544.71,643.0,3658.0,4.6844124474340685,,656.7493337427118,6.4888239069859655,-0.0260389,0.0480944699999999,,2023.0,1.356253702,-2.1017839999999994,-3.4580377019999995,99.63908497425828,100.0,96.46338658599154,52.70111647029467,84.7424942058985,21.17245718496785,1.0968986076464449,44.494891945714926,50.00088459565133,0.0,50.00088459565133,0.0,99.02871397484208,100.0,50.00088459565133,0.0,46.56776887284822,0.0,50.00088459565133,0.0,46.17412380800736,0.0,0.8067512340109335,0.0,95.79817065619304,72.80275027292056,99.97700051306548,100.0,99.9972671506747,99.99766548101304,58.57176893453472,71.82721665802167,100.0,True,71.4,10,14,30.7,1,ghsl_change,ntl_growth_log,ndbi_growth,Remote Village Emergence
8735721831,Koil,Uttar Pradesh,Aligarh,,27.8273634,78.2175302,3.4234507,2.7429042,2.6260152,3.3447466,11.458335,16.395496,2.620721483230591,1.0,1.0,0.0,13.395564,,,-0.09486552,0.05219439,,,,,,0.20779525,0.31758067,,,,,,0.0,0.0,17.79,137.96,1900.0,4719.0,1.9930247575514248,,378.9172515322041,5.939953469881692,0.14705991,0.10978542,,2023.0,-0.0353001299999999,4.9371610000000015,4.972461130000001,98.34934451462236,93.51737996025396,98.97209985315712,99.08386182866484,97.09321868973691,62.426955087937166,2.98993330148789,80.13853091269326,50.00088459565133,0.0,50.00088459565133,0.0,96.2900058383313,49.69782549086453,50.00088459565133,0.0,46.56776887284822,0.0,50.00088459565133,0.0,46.17412380800736,0.0,99.14548060081736,100.0,16.515400810289616,9.145232030337274,65.552960741645,28.899561943482126,99.9972671936391,99.99766552397764,53.91108994549335,69.23279832011583,100.0,True,71.4,10,14,36.5,2,ghsl_change,ndbi_growth,ntl_growth_log,NTL Breakout
13133054697,Kutaganahalli,Karnataka,Bangalore,,12.8935255,77.7983308,2.893396,3.3528538,4.3170347,5.189554,6.1101665,10.864894,1.4000556537083215,1.0,1.0,0.0,6.9442472,,,,,,,,,,,,,,,,,0.0381971863420548,0.0133690152197192,26.13,17.68,828.0,4454.0,12.662451181910896,,275.50663649220496,5.622234822454478,,,,2023.0,0.78526549,4.7547275,3.96946201,95.7840171257718,82.40632184785791,96.06531854289403,49.28871383335125,93.56191284963644,38.87722367766624,51.616156254975856,0.0,50.00088459565133,0.0,50.00088459565133,0.0,99.948693452223,100.0,50.00088459565133,0.0,98.8022574881022,100.0,50.00088459565133,0.0,46.17412380800736,0.0,98.68726005342958,91.0983229900254,30.414167683951664,15.800662670216232,6.156785733241335,1.9952329143642455,99.9972671506747,99.99766548101304,80.02199620113122,68.72264618656588,100.0,True,71.4,10,14,38.4,3,ghsl_change,ndbi_growth,ntl_growth_log,NTL Breakout
8703128561,Akrabad,Uttar Pradesh,Aligarh,,27.8203629,78.2441062,1.9078768,1.8490962,1.6855088,2.244836,3.0167725,5.214962,0.5885080575942994,1.0,1.0,0.0,12.46254,,,-0.14564729,0.051815584,,,,,,0.30618396,0.28291225,,,,,,0.0,0.0,20.59,140.49,779.0,4797.0,3.083937496092256,,173.3385090693487,5.160998863690425,0.197462874,-0.02327171,,2023.0,0.0847290199999999,2.1981895,2.11346048,82.29216425172054,66.27626595452816,82.11170673884968,16.18290249958565,76.16191638801904,14.819375890699328,3.1226226491870563,90.5172565184996,50.00088459565133,0.0,50.00088459565133,0.0,97.97604514976204,70.83570869893354,50.00088459565133,0.0,46.56776887284822,0.0,50.00088459565133,0.0,46.17412380800736,0.0,95.83001609964086,62.96963718913917,21.025069440758628,11.379669175620378,66.46763264511792,29.465474418071985,99.99726707950236,99.99766540984038,53.11057326312905,66.26686586953092,99.00497512437812,True,71.4,10,14,45.9,4,ndbi_growth,ghsl_change,ntl_growth_log,Urban Fringe Expansion
245628684,Hanagal,Karnataka,Chitradurga,,14.7383723,76.7039857,2.5552914,2.7735722,9.229102,16.254704,16.903667,14.308943,3.090975543430873,1.0,1.0,0.0,7.5275283,,,,,,,,,,,,,,,,,0.0127323954473516,0.004456338406573,50.56,92.02,446.0,3542.0,10.7775540095681,,459.9730426048473,6.133339565375471,,,,2022.0,3.3369053,-0.9728805000000004,-4.3097858,99.0251755922368,100.0,99.3436300267148,100.0,96.1626240645401,53.542250905048014,51.616156254975856,0.0,50.00088459565133,0.0,50.00088459565133,0.0,99.90623286095924,100.0,50.00088459565133,0.0,95.11703200467066,33.33333333333284,50.00088459565133,0.0,46.17412380800736,0.0,0.5289881994940113,0.0,66.93292995771633,35.29612676281131,46.900376837747466,18.623665072866263,99.9972671506747,99.99766548101304,58.28760416065943,66.2473633635182,100.0,True,71.4,10,14,40.9,5,ghsl_change,ndbi_growth,ntl_growth_log,Market Corridor Growth
8891960413,Jalali,Uttar Pradesh,Aligarh,,27.8871081,78.239822,1.6692153,1.3608637,1.2998577,1.8840035,2.7596946,4.127693,0.4878007922853742,1.0,1.0,0.0,8.444741,,,-0.07672728,0.13025156,,,,,,0.2585431,0.25227982,,,,,,0.0,0.0,18.47,135.28,1066.0,5329.0,3.306851275026788,,147.28343911058084,4.999125571367905,0.20697884,-0.00626328,,2022.0,-0.1846788,1.12184475,1.30652355,73.32413353855952,60.61533427045875,74.42633972011393,12.074707562873243,64.54009872087468,10.18970032903102,3.140314562213612,92.47673652027456,50.00088459565133,0.0,50.00088459565133,0.0,98.2166551669232,75.15495922935634,50.00088459565133,0.0,46.56776887284822,0.0,50.00088459565133,0.0,46.17412380800736,0.0,90.8603577304814,50.74008080235015,17.582223165790918,9.687881051334598,64.61971232949418,28.300097345892866,99.99726707950236,99.99766540984038,55.17487100693256,65.71158483141868,98.50746268656717,True,71.4,10,14,49.2,6,ndbi_growth,ghsl_change,ntl_growth_log,Urban Fringe Expansion
12172321394,Valagere Kallahalli,Karnataka,Bangalore,,12.8892689,77.773869,4.29197,3.930335,9.858208,11.098638,13.740281,18.812405,2.950641209738595,1.0,1.0,0.0,8.205784,,,,,,,,,,,,,,,,,0.0381971863420548,0.0133690152197192,23.96,15.67,980.0,1879.0,2.964121768743351,,338.31632094352943,5.826932772441551,,,,2021.0,-0.3616350000000001,2.9504234,3.3120584,97.76728057604868,89.56489071440754,99.2516320789767,100.0,97.930046175893,72.71834068991438,51.616156254975856,0.0,50.00088459565133,0.0,50.00088459565133,0.0,97.84335580206287,68.51411984795122,50.00088459565133,0.0,98.8022574881022,100.0,50.00088459565133,0.0,46.17412380800736,0.0,98.09988854094792,81.13502323452447,26.75724926136263,14.06897388262183,5.020964916936468,1.5456344661723025,99.9972671506747,99.99766548101304,69.6538632777759,65.6289281775557,99.73821989528795,True,71.4,10,14,36.4,7,ghsl_change,ndbi_growth,ntl_growth_log,Market Corridor Growth
8824852343,Koil,Uttar Pradesh,Aligarh,,27.950008,78.0750808,6.365284,5.5240026,5.840204,8.2616005,9.925597,16.61573,1.91081177847726,1.0,1.0,0.0,37.24682,,,-0.061516702,0.087386936,,,,,,0.17683804,0.2771774,,,,,,0.0,0.0,6.39,117.99,1032.0,6192.0,4.1229886615748494,,161.0367424297172,5.087823114637702,0.148903638,0.10033936,,2023.0,0.60051509,6.690132999999999,6.089617909999999,78.52201758576155,63.71720935924544,97.84335580206287,70.1242088617784,97.19406259398828,63.3647285070712,2.998779258001168,80.51818213724708,50.00088459565133,0.0,50.00088459565133,0.0,98.76245068379244,90.9687050489042,50.00088459565133,0.0,46.56776887284822,0.0,50.00088459565133,0.0,46.17412380800736,0.0,99.4427047396635,100.0,2.0478389328238062,0.0478807959703519,58.42488898324576,24.43265596816217,99.99726707950236,99.99766540984038,18.072111537877944,64.76736038092864,98.0099502487562,True,71.4,10,14,35.3,8,ndbi_growth,ghsl_change,ntl_growth_log,NTL Breakout
5645738559,Govindapuram,Telangana,Khammam,,16.9852497,80.2976821,0.56867605,0.6413426,0.6105829,1.1632564,2.3634965,2.22013,0.3993258561406816,0.0,0.0,0.0,1.7940098,,,0.0364094,0.02115841,,,,,,0.39835262,0.3809669,,,,,,0.0254647908947032,0.0089126768131461,35.67,167.2,1716.0,2221.0,1.3156411703793456,,290.403288480322,5.674708178804916,-0.01525099,-0.0173857199999999,,2023.0,0.175298135,-0.1433664999999999,-0.318664635,96.42977195124108,84.24138729486083,62.8275215399041,8.465511308952456,17.525609044105938,2.0671494207988568,1.3286626682943228,46.7162842779225,50.00088459565133,0.0,50.00088459565133,0.0,94.50931479220849,36.57261882047754,50.00088459565133,0.0,97.81770252817437,66.66666666666643,50.00088459565133,0.0,46.17412380800736,0.0,18.227977991260197,26.109493443309795,46.77211046830494,23.41370922950224,74.35291828105373,35.43998912016492,99.9972671506747,99.99766548101304,57.00251973221072,64.6180083425435,100.0,True,71.4,10,14,40.7,9,ghsl_change,ntl_growth_log,ndbi_growth,Steady Grower
9527968732,Jangīpur,Jharkhand,Garhwa,,24.2808365,83.5141475,1.1348698,1.9014077,3.3374453,4.4459143,6.198625,8.158353,1.4033581801823207,1.0,1.0,0.0,8.923804,,,,,,,,,,,,,,,,,0.0,0.0,104.1,99.57,995.0,4006.0,5.896225909469682,,618.8800865086022,6.429526050476139,,,,2023.0,1.1369171100000002,1.959728,0.82281089,99.57539408736268,100.0,96.0830104559206,49.42343522110041,89.26277798418343,27.35256260082758,51.616156254975856,0.0,50.00088459565133,0.0,50.00088459565133,0.0,99.38962900058384,100.0,50.00088459565133,0.0,46.56776887284822,0.0,50.00088459565133,0.0,46.17412380800736,0.0,81.33326256568122,43.40915935044223,97.0065283159068,78.02175703368894,50.29014737363551,20.312455263836,99.9972671506747,99.99766548101304,84.50252809083294,64.22477622669359,100.0,True,71.4,10,14,53.4,10,ghsl_change,ndbi_growth,ntl_growth_log,Remote Village Emergence
3810947963,Hiriyannanahalli,Karnataka,Chikballapura,,13.474134,77.8198538,0.7063184,0.67940265,0.8545611,1.6567994,3.6533597,3.686195,0.7035283412252153,1.0,1.0,0.0,2.8015919,,,,,,,,,,,,,,,,,0.0,0.0,47.95,59.72,213.0,1998.0,6.11510081533904,,421.8885703671319,6.0471087173152265,,,,2023.0,0.302660145,0.0328352999999999,-0.2698248450000001,98.7580277055358,97.26474635162997,86.9309838472834,20.87497456988024,57.5694849884118,8.309767671036143,51.616156254975856,0.0,50.00088459565133,0.0,50.00088459565133,0.0,99.4462431222688,100.0,50.00088459565133,0.0,46.56776887284822,0.0,50.00088459565133,0.0,46.17412380800736,0.0,19.88571024184845,26.84968631776893,63.95272720839304,33.213312138101,31.751676308759265,11.398774586995737,99.9972671506747,99.99766548101304,87.35911557192634,63.54702950623726,100.0,True,71.4,10,14,53.7,11,ghsl_change,ndbi_growth,ntl_growth_log,Steady Grower
4742745307,Hirevuda Tanda,Karnataka,Davanagere,,14.0854019,75.9461599,0.6624257,0.63844347,2.077047,6.652632,5.479595,3.7306573,0.9840056708880832,0.0,0.0,0.0,2.0188286,,,,0.103489034,,,,,,,0.34569058,,,,,,0.0,0.0,42.78,33.89,582.0,1919.0,4.5218292432455085,,463.1812443267222,6.140275088730054,,,,2022.0,0.7073106499999999,-1.46098735,-2.168298,99.0481750791713,100.0,92.70208587654582,32.31660732645448,58.395697326751936,8.49909158602458,51.616156254975856,0.0,50.00088459565133,0.0,50.00088459565133,0.0,98.97033066185446,98.6967710400203,50.00088459565133,0.0,46.56776887284822,0.0,50.00088459565133,0.0,46.17412380800736,0.0,1.8311129982485008,0.0,57.34302850167189,29.087583551988978,16.73743431877289,5.621099006499271,99.9972671506747,99.99766548101304,73.95310834836062,63.50182089557303,100.0,True,71.4,10,14,44.9,12,ghsl_change,ndbi_growth,ntl_growth_log,Steady Grower
5289326462,Venkatapur,Telangana,Mahbubnagar,,15.9883325,77.7470469,0.57510066,0.52686745,1.0395789,1.2739989,1.3906821,1.7825398,0.2532302805355617,0.0,1.0,1.0,2.856231,,,0.002534088,0.05845379,,,,,,0.07018524,0.30345058,,,,,,0.0,0.0,33.92,176.02,1370.0,2551.0,3.4744950444424223,,209.95266115674423,5.351633753597411,0.055919702,0.23326534,,2021.0,-0.04823321,0.2345565899999999,0.2827898,90.12083576597138,72.9430302667865,18.32174513030094,2.50577144176487,2.981087344974612,0.2038564776858393,2.616633936627568,61.37139629560774,50.00088459565133,0.0,50.00088459565133,0.0,98.35111370592502,78.40327991833094,50.00088459565133,0.0,46.56776887284822,0.0,50.00088459565133,0.0,95.73624896060012,100.0,50.31756983882667,35.22485383078994,43.98474957097111,22.0171860137003,76.55821523981388,37.41285395252957,99.9972671506747,99.99766548101304,49.00851084350301,63.36775569123424,100.0,True,71.4,10,14,38.7,13,ghsl_change,ntl_growth_log,ndbi_growth,Construction Boom
11711433483,Panpur,Uttarakhand,Nainital,,29.2190455,79.4707381,2.5848477,2.4947143,3.0844347,12.59274,17.579716,17.453684,3.688785443987165,1.0,1.0,0.0,5.3284483,,,,,,,,,,,,,,,,,1.222309962945756,0.4278084870310146,64.01,237.52,1144.0,1650.0,0.7707901921636563,,575.2306528543247,6.356508019524801,,,,2022.0,0.2497935,2.430472,2.1806785,99.47278099180863,100.0,99.60900872211312,100.0,97.49305592413708,66.93280150060104,51.616156254975856,0.0,50.00088459565133,0.0,50.00088459565133,0.0,92.24386532915804,26.0154074721802,50.00088459565133,0.0,99.9681545565522,100.0,50.00088459565133,0.0,46.17412380800736,0.0,96.03170390814358,63.98836186914399,80.255825062364,46.02940519283194,87.10436459494365,51.169224382283055,99.9972671506747,99.99766548101304,89.22452636385009,63.36318726117148,100.0,True,71.4,10,14,53.2,14,ghsl_change,ndbi_growth,ntl_growth_log,Connectivity-Led Growth
7966413155,Gharghoda Tahsil,Chhattisgarh,Raigarh,,22.2848277,83.3062362,0.6173939,0.8446002,1.3399258,1.7513905,3.9574635,3.4878356,0.6886360934802463,1.0,1.0,0.0,1.80472,,,,,,,,,,,,,,,,,0.0,0.0,113.16,59.48,491.0,1773.0,6.769428841844911,,464.9287432221147,6.144032710892958,,,,2023.0,0.38973154,-0.4696278999999999,-0.8593594399999999,99.06232860959256,100.0,86.42499513472391,20.26746868046427,53.65072625302973,7.465137991897687,51.616156254975856,0.0,50.00088459565133,0.0,50.00088459565133,0.0,99.57893246996797,100.0,50.00088459565133,0.0,46.56776887284822,0.0,50.00088459565133,0.0,46.17412380800736,0.0,7.434141853758646,17.914977416150894,97.93358455849832,85.25175722521213,31.632255895830014,11.345091190196696,99.9972671506747,99.99766548101304,66.9627394078613,63.347786792545016,100.0,True,71.4,10,14,45.5,15,ghsl_change,ndbi_growth,ntl_growth_log,Remote Village Emergence
7467066798,Rajakumari North,Kerala,Idukki,,9.9780056,77.1597018,0.5039212,0.5149218,0.7561081,1.3215986,1.6157767,1.9035642,0.3104648624147687,0.0,0.0,0.0,3.7752218,,,,,,,,,,,,,,,,,0.0254647908947032,0.0089126768131461,42.7,30.77,781.0,1446.0,4.06825631936435,,277.75037049443443,5.630316651901461,,,,2022.0,0.12609345,0.2909828,0.16488935,95.89016860393114,82.68895453991757,40.82408930877696,4.840566441507275,6.245245298374113,0.7191877407362618,51.616156254975856,0.0,50.00088459565133,0.0,50.00088459565133,0.0,98.726182262088,89.90819322566061,50.00088459565133,0.0,97.81770252817437,66.66666666666643,50.00088459565133,0.0,46.17412380800736,0.0,41.72460768182864,33.438010091586186,57.210339153972726,29.023742490695177,14.63032747731012,4.923214848111776,99.9972671506747,99.99766548101304,67.40104415046851,63.32928404216639,100.0,True,71.4,10,14,44.6,16,ghsl_change,ndbi_growth,ntl_growth_log,Steady Grower
4442587329,Chimanahalli,Karnataka,Chikballapura,,13.4597769,77.8146669,0.7666959,0.7449881,0.99881685,2.5060573,4.4673796,4.980848,0.9641478419303894,0.0,0.0,0.0,3.7572944,,,,,,,,,,,,,,,,,0.0,0.0,48.73,58.04,684.0,1942.0,4.240872872273658,,549.6510546097873,6.311101313818031,,,,2022.0,0.116060475,1.23739535,1.1213348749999998,99.38962900058384,100.0,92.43493798984484,31.506538339595902,74.16626859862356,13.822500357188838,51.616156254975856,0.0,50.00088459565133,0.0,50.00088459565133,0.0,98.82525697503672,93.25286819944162,50.00088459565133,0.0,46.56776887284822,0.0,50.00088459565133,0.0,46.17412380800736,0.0,88.29503034163085,47.93344838919828,64.92135944659697,33.83576248571557,30.82550466181908,11.022990809402469,99.9972671506747,99.99766548101304,85.9377548771354,63.28446779592497,99.812382739212,True,71.4,10,14,54.8,17,ghsl_change,ndbi_growth,ntl_growth_log,Steady Grower
5400923533,Karne Thanda,Telangana,Mahbubnagar,,16.5096168,78.0954498,2.0869136,5.893935,4.8424883,6.1362453,9.577392,11.92542,1.758190209524972,1.0,1.0,0.0,3.5893812,,,0.09569144,,,,,,,0.10426405,,,,,,,0.0,0.0,75.74,217.39,1147.0,3223.0,6.3327409280022655,,471.43812757749055,6.157906791433554,,,,2021.0,3.8070214,2.46899418,-1.33802722,99.09417405304036,100.0,97.49128673283442,63.89825133150947,94.6340427790457,43.3930254753022,51.616156254975856,0.0,50.00088459565133,0.0,50.00088459565133,0.0,99.50285724395378,100.0,50.00088459565133,0.0,46.56776887284822,0.0,50.00088459565133,0.0,46.17412380800736,0.0,3.95768094404048,10.66051379152892,87.37062788599331,55.39010080503579,84.395732710578,46.66652947576374,99.9972671506747,99.99766548101304,63.415965819747285,63.17044811313932,99.82788296041308,True,71.4,10,14,42.7,18,ghsl_change,ndbi_growth,ntl_growth_log,Steady Grower
8892986300,Badauli,Uttar Pradesh,Bulandshahr,,28.1514711,77.904635,1.5742775,1.5939679,3.8173344,7.6710763,19.154198,26.159685,5.127470551218305,0.0,1.0,1.0,7.3762326,,,0.06963081,,,,,,,0.19446458,,,,,,,0.0254647908947032,0.0089126768131461,29.31,90.08,670.0,3806.0,2.2814478919279413,,1561.6946504031214,7.354166950109577,,,,2023.0,2.05137629,7.005486999999999,4.954110709999998,99.96284698264424,100.0,99.8531571218796,100.0,99.0924048617377,100.0,51.616156254975856,0.0,50.00088459565133,0.0,50.00088459565133,0.0,96.87206977690498,55.28640678941154,50.00088459565133,0.0,97.81770252817437,66.66666666666643,50.00088459565133,0.0,95.73624896060012,100.0,99.1401730269094,100.0,36.024273304672434,18.3383448566449,46.09362560373653,18.18972428207404,99.9972671506747,99.99766548101304,63.288696214375726,63.12371231794911,100.0,True,71.4,10,14,46.9,19,ghsl_change,ndbi_growth,ntl_growth_log,NTL Breakout
9975530521,Bhur,Maharashtra,Washim,,20.3915376,77.2159052,0.62363935,0.7528818,0.95779335,1.113345,17.339306,12.589544,3.135552816731589,1.0,1.0,0.0,4.477792,,,,0.04105953,,,,,,,0.22754015,,,,,,0.0,0.0,41.17,148.63,739.0,4073.0,5.580998013746072,,1918.721878277886,7.559935599465718,,,,2023.0,0.16740285,-4.7497620000000005,-4.917164850000001,99.97876970436812,100.0,99.37370627885991,100.0,95.12587796118396,46.220916873583015,51.616156254975856,0.0,50.00088459565133,0.0,50.00088459565133,0.0,99.2994002441484,100.0,50.00088459565133,0.0,46.56776887284822,0.0,50.00088459565133,0.0,46.17412380800736,0.0,0.4051448083081223,0.0,55.18107672982679,27.802782193451197,69.3487606814925,31.286236292839355,99.9972671506747,99.99766548101304,57.60692319764625,62.879995982034266,100.0,True,71.4,10,14,43.5,20,ghsl_change,ndbi_growth,ntl_growth_log,Market Corridor Growth
9994876251,Khadkarwadi,Maharashtra,Nanded,,18.8914364,77.0691669,0.8118268,1.0466456,1.3151094,1.7422371,1.5912762,6.5392127,0.8770842484065465,1.0,1.0,0.0,6.204284,,,,0.031969476,,,,,,,0.2318248,,,,,,0.0,0.0,38.94,205.95,1108.0,5736.0,7.831378585880693,,705.493573259715,6.560314105493987,,,,2023.0,0.3059694700000001,4.9479365,4.64196703,99.70631424375918,100.0,91.11865966066912,27.954915594310812,84.09497018912656,20.458137874451413,51.616156254975856,0.0,50.00088459565133,0.0,50.00088459565133,0.0,99.72400615678572,100.0,50.00088459565133,0.0,46.56776887284822,0.0,50.00088459565133,0.0,46.17412380800736,0.0,99.03225235744742,100.0,51.8434973373671,26.023212609886432,82.56638890363215,44.1076208950096,99.9972671506747,99.99766548101304,52.7231791885031,62.635808781577104,100.0,True,71.4,10,14,54.5,21,ghsl_change,ndbi_growth,ntl_growth_log,NTL Breakout
8245096487,Dingsi,Rajasthan,Kota,,24.6683904,76.0335016,4.6986847,3.131207,3.1510234,11.091046,17.150606,25.638363,4.419903182983399,1.0,1.0,0.0,6.4073544,,,,,,,,,,,,,,,,,0.0,0.0,60.6,301.44,489.0,4450.0,6.242345443379527,,445.6497857794117,6.101774810531505,,,,2021.0,-1.5674777000000004,7.35215788,8.919635580000001,98.92787007059071,99.17649482287094,99.77000513065478,100.0,99.04640588786866,100.0,51.616156254975856,0.0,50.00088459565133,0.0,50.00088459565133,0.0,99.48339613962456,100.0,50.00088459565133,0.0,46.56776887284822,0.0,50.00088459565133,0.0,46.17412380800736,0.0,99.7646975567468,100.0,77.47731012154344,43.30817995518359,93.86798294499584,65.46690239642685,99.9972671506747,99.99766548101304,55.05723816080638,62.50546017705355,100.0,True,71.4,10,14,50.6,22,ghsl_change,ndbi_growth,ntl_growth_log,Steady Grower
4588567316,Konaigudem,Telangana,Nalgonda,,16.9802258,79.7658674,0.541915,0.8699175,0.8272867,1.2175102,2.6680741,2.9279377,0.5061373455183846,1.0,1.0,0.0,2.4871125,,,0.05568657,,,,,,,0.31725243,,,,,,,0.0,0.0,52.39,221.69,98.0,1924.0,5.534348223097281,,440.2946403033686,6.089712770956719,,,,2023.0,0.1984154799999999,0.2598636000000001,0.0614481200000001,98.885409479327,98.75466870798992,76.14245528368983,12.822718492546803,40.45963590042992,5.081049395000872,51.616156254975856,0.0,50.00088459565133,0.0,50.00088459565133,0.0,99.2870159050298,100.0,50.00088459565133,0.0,46.56776887284822,0.0,50.00088459565133,0.0,46.17412380800736,0.0,35.08483272296233,31.87030348655596,69.00376837747466,36.75649103990706,84.97956584045433,47.62835700174651,99.9972671506747,99.99766548101304,55.41873636399589,62.39698725274872,100.0,True,71.4,10,14,57.5,23,ghsl_change,ndbi_growth,ntl_growth_log,Steady Grower
10099180471,Pathri,Maharashtra,Solapur,,18.3203836,75.8092207,0.5746759,0.68431985,0.7058617,1.1602486,2.427086,4.796715,0.7655108588082449,1.0,1.0,0.0,3.1793182,,,,-0.020821568,,,,,,,0.27308714,,,,,,0.0,0.0,72.51,107.25,401.0,4497.0,6.906183482035547,,734.6817745445737,6.60079765368665,,,,2023.0,0.177825995,2.369629,2.191803005,99.73815968720696,100.0,88.76209684553191,23.40345415988974,72.41653840029723,13.038447790439792,51.616156254975856,0.0,50.00088459565133,0.0,50.00088459565133,0.0,99.6019319569025,100.0,50.00088459565133,0.0,46.56776887284822,0.0,50.00088459565133,0.0,46.17412380800736,0.0,96.07239530810466,64.1569596320108,85.68724236151655,52.81251795529851,53.75422394423509,22.03032396140522,99.9972671506747,99.99766548101304,47.06058423911857,62.35267903410788,100.0,True,71.4,10,14,56.1,24,ghsl_change,ndbi_growth,ntl_growth_log,Steady Grower
7966413099,Hemgir,Odisha,Sundargarh,,22.1001141,83.571732,0.9307447,0.78274536,0.95734024,1.8728149,5.536826,9.281707,1.6266436423574175,0.0,0.0,0.0,0.99603987,,,,,,,,,,,,,,,,,0.0,0.0,80.96,53.56,191.0,991.0,4.184282873910987,,897.2344725680417,6.800431139529764,,,,2022.0,0.0132977699999999,3.704446050000001,3.6911482800000006,99.84608035666896,100.0,97.0189126550254,58.53201544453667,91.43534490384444,32.13589088564242,51.616156254975856,0.0,50.00088459565133,0.0,50.00088459565133,0.0,98.80048829679954,92.15636182099844,50.00088459565133,0.0,46.56776887284822,0.0,50.00088459565133,0.0,46.17412380800736,0.0,98.47318790580826,86.88033106560998,90.1535658050705,59.55573005445643,28.463634272773916,10.020900735820428,99.9972671506747,99.99766548101304,70.3248014320624,62.33934416690484,100.0,True,71.4,10,14,47.9,25,ghsl_change,ndbi_growth,ntl_growth_log,NTL Breakout
11711433490,Kamaluwa Ghaja Kabdal,Uttarakhand,Nainital,,29.2166469,79.4618303,2.7412639,3.0953634,3.8780782,7.673889,14.978396,13.527836,2.667936284201485,0.0,0.0,0.0,5.118058,,,,,,,,,,,,,,,,,1.0313240312354817,0.3609634109324185,63.17,236.57,1627.0,2249.0,1.0196817775504985,,393.4890070233662,5.977591274304181,,,,2023.0,1.55805901,-1.4505599999999994,-3.0086190099999994,98.51387930576934,94.83362575050798,99.01986801832882,100.0,95.73978734320542,50.21623683773989,51.616156254975856,0.0,50.00088459565133,0.0,50.00088459565133,0.0,93.3982626541408,30.838012505113632,50.00088459565133,0.0,99.946039665269,100.0,50.00088459565133,0.0,46.17412380800736,0.0,1.0438228685667783,0.0,79.6251083629673,45.359074049247006,86.98229039506042,50.95672760328686,99.9972671506747,99.99766548101304,82.36678383564195,62.19377861485349,99.41520467836256,True,71.4,10,14,40.9,26,ghsl_change,ndbi_growth,ntl_growth_log,Connectivity-Led Growth
3955907194,Doddapura,Karnataka,Mysore,,12.3104211,76.962686,0.6109793,0.57358927,0.6001044,0.9820066,1.7311699,3.089762,0.4642445002283368,1.0,1.0,0.0,1.5133989,,,,,,,,,,,,,,,,,0.0,0.0,29.19,20.64,1002.0,2856.0,6.360493088719517,,405.7064944753448,6.008091781498109,,,,2023.0,0.1139597029999999,1.3585921,1.244632397,98.63772269695522,95.90027043955452,71.99016329635724,11.113765574630586,44.60662031385454,5.7701097903529694,51.616156254975856,0.0,50.00088459565133,0.0,50.00088459565133,0.0,99.50551103090775,100.0,50.00088459565133,0.0,46.56776887284822,0.0,50.00088459565133,0.0,46.17412380800736,0.0,90.09960547033953,49.80208761190726,35.839392813544926,18.242583264704194,7.877324275073863,2.657328141552381,99.9972671506747,99.99766548101304,68.02204421739951,62.17083316488829,100.0,True,71.4,10,14,49.4,27,ghsl_change,ndbi_growth,ntl_growth_log,Urban Fringe Expansion
10084968512,Borphadi,Maharashtra,Bid,,18.8972223,75.8774722,0.77536887,0.9044545,0.8294421,2.123347,2.5714211,3.988639,0.6388901727540153,1.0,1.0,0.0,4.6045322,,,,0.019337533,,,,,,,0.26670286,,,,,,0.0,0.0,89.91,114.77,663.0,3941.0,5.483609055446583,,414.4182535984454,6.029285852697201,,,,2022.0,0.0270366149999999,0.932646,0.905609385,98.71202873166676,96.64145626115574,84.48949984961874,18.23816186707106,62.56568122711109,9.597597633605856,51.616156254975856,0.0,50.00088459565133,0.0,50.00088459565133,0.0,99.26932399200324,100.0,50.00088459565133,0.0,46.56776887284822,0.0,50.00088459565133,0.0,46.17412380800736,0.0,83.74467031120075,44.66401437776608,93.75917767988253,66.69794878670065,57.0696884454116,23.71240372777508,99.9972671506747,99.99766548101304,63.05226012062273,62.14469970652981,100.0,True,71.4,10,14,58.1,28,ghsl_change,ndbi_growth,ntl_growth_log,Steady Grower
9498665261,Vengadattanur,Tamil Nadu,Tiruchirappalli,,11.2097287,78.6376584,1.1391258,1.1296529,1.4191053,1.6418843,2.0333827,2.1902516,0.233988492829459,1.0,1.0,0.0,4.718127,,,-0.08901894,0.07060613,,,,,,-0.00208261,0.3149989,,,,,,0.0,0.0,44.46,156.84,868.0,5205.0,10.140547436567283,,92.2747777286758,4.535549736136554,0.15962507,0.31708151,,2021.0,-0.0094729,0.27049373,0.27996663,42.366824124692606,44.4034496786421,10.611609433328026,1.7208328915518458,16.313713001786883,1.9399248808719831,3.030624701448968,82.72588565304254,50.00088459565133,0.0,50.00088459565133,0.0,99.8885409479327,100.0,50.00088459565133,0.0,46.56776887284822,0.0,50.00088459565133,0.0,46.17412380800736,0.0,50.10349769120535,35.182067194782974,59.582824690833824,30.42824583915884,71.65932452276064,33.12265582500645,99.99726707950236,99.99766540984038,45.39514695313182,62.13561919333379,100.0,True,71.4,10,14,50.9,29,ndbi_growth,ghsl_change,ntl_growth_log,Steady Grower
9994937103,Landgewadi,Maharashtra,Nanded,,18.8631637,77.0442009,0.77653223,0.84285676,1.2272725,1.605682,1.8911445,6.6070185,0.9335915412221636,1.0,1.0,0.0,6.279265,,,,0.05338671,,,,,,,0.1832522,,,,,,0.0,0.0,42.99,205.48,849.0,3456.0,4.316680644393776,,750.8363522786427,6.62251868361716,,,,2023.0,0.287186505,4.715874,4.428687494999999,99.75408240893088,100.0,92.06694619889248,30.26004197740077,84.36742564973551,20.74686021933512,51.616156254975856,0.0,50.00088459565133,0.0,50.00088459565133,0.0,98.8535640358792,94.72174446857596,50.00088459565133,0.0,46.56776887284822,0.0,50.00088459565133,0.0,46.17412380800736,0.0,98.9331776444987,98.05812834068402,57.612830175326856,29.25516633788521,82.49739044282857,44.00249090961148,99.9972671506747,99.99766548101304,52.837397102325625,61.84978134755463,99.3939393939394,True,71.4,10,14,55.0,30,ghsl_change,ndbi_growth,ntl_growth_log,NTL Breakout
10001936631,Dagadwadi,Maharashtra,Latur,,18.7304978,76.7471194,0.9129979,0.87950915,1.1528952,1.6708646,2.1897018,4.6532674,0.6614255632672991,1.0,1.0,0.0,5.17823,,,,0.061375517,,,,,,,0.23779418,,,,,,0.0,0.0,40.89,190.25,869.0,5213.0,7.337477440218999,,409.6690145727608,6.0177875727128125,,,,2023.0,0.254698615,2.4635656,2.208866985,98.66956814040302,96.23934559458432,85.40947932699963,19.15745777804149,70.9569555756064,12.427636806129588,51.616156254975856,0.0,50.00088459565133,0.0,50.00088459565133,0.0,99.67269960900872,100.0,50.00088459565133,0.0,46.56776887284822,0.0,50.00088459565133,0.0,46.17412380800736,0.0,96.12016347327636,64.41557328300956,54.81662332147975,27.57933847892288,79.4154591936026,40.59583202107253,99.9972671506747,99.99766548101304,56.947611068262674,61.71883405394038,100.0,True,71.4,10,14,57.7,31,ghsl_change,ndbi_growth,ntl_growth_log,Steady Grower
7314779082,Bandhewa,Rajasthan,Jaisalmer,,26.4273851,71.6890311,1.0401641,1.0278091,2.064446,1.5158563,2.2817428,9.139692,1.248881493295942,0.0,1.0,1.0,0.96804345,,,,-0.008209748,,,,,,,0.25029966,,,,,,0.0,0.0,136.76,461.61,1321.0,3974.0,4.088247812621959,,778.6778932285781,6.65888087699399,,,,2023.0,0.24637135,6.8579492,6.61157785,99.7806202784707,100.0,95.14887744811848,43.12180106431941,91.191196504078,31.5311800230221,51.616156254975856,0.0,50.00088459565133,0.0,50.00088459565133,0.0,98.7421049838119,90.29555495928513,50.00088459565133,0.0,46.56776887284822,0.0,50.00088459565133,0.0,95.73624896060012,100.0,99.53647187870423,100.0,99.19678714859438,100.0,99.0888664791324,100.0,99.9972671506747,99.99766548101304,57.2670238981858,61.40733426095401,100.0,True,71.4,10,14,50.9,32,ghsl_change,ndbi_growth,ntl_growth_log,NTL Breakout
8830501868,Shadhal,Himachal Pradesh,Solan,,31.0231219,77.1104085,0.6189881,0.0,0.5618161,0.75842,1.2998165,3.3781843,0.5112009848867144,1.0,1.0,0.0,1.5537422,,,,,,,,,,,,,,,,,0.0,0.0,10.3,114.62,263.0,1601.0,4.241323628204292,,445.759167260243,6.102019673717632,,,,2023.0,0.0980111799999999,2.0783678,1.98035662,98.9296392618934,99.18505802529133,76.61482936149886,13.029281718650676,51.31362454222175,6.998234268978005,51.616156254975856,0.0,50.00088459565133,0.0,50.00088459565133,0.0,98.82879535764202,93.2616021942704,50.00088459565133,0.0,46.56776887284822,0.0,50.00088459565133,0.0,46.17412380800736,0.0,95.33641172619996,60.95237772231905,6.10724837676698,3.1681126667049724,56.99449781504874,23.67885160477568,99.9972671506747,99.99766548101304,51.87974918660145,61.33839501820997,100.0,True,71.4,10,14,49.3,33,ghsl_change,ndbi_growth,ntl_growth_log,Urban Fringe Expansion
8893061781,Koil,Uttar Pradesh,Aligarh,,27.8468226,78.0672713,5.9414186,5.3214626,6.4053254,8.43465,8.638661,11.775371,1.1757337433951245,1.0,1.0,0.0,17.235903,,,-0.112985514,0.103458695,,,,,,0.14583987,0.19646613,,,,,,0.0,0.0,5.31,125.5,915.0,5488.0,3.588905444290889,,98.19123668546092,4.597049670524326,0.216444209,0.0506262599999999,,2021.0,-0.6199560000000002,1.63141478,2.25137078,46.28912124267997,46.55418697538079,94.63227358774304,40.13785333371003,94.49604585743856,42.754105218812974,3.14916051872689,94.42579784152356,50.00088459565133,0.0,50.00088459565133,0.0,98.42541974063656,80.62013336989125,50.00088459565133,0.0,46.56776887284822,0.0,50.00088459565133,0.0,46.17412380800736,0.0,96.23869929055428,65.05974079880914,1.2623179944447394,0.0,61.109636785025565,26.112498926332066,99.99726707950236,99.99766540984038,21.78047372806229,61.03310916428181,96.5174129353234,True,71.4,10,14,37.7,34,ndbi_growth,ghsl_change,ntl_growth_log,Urban Fringe Surge
2751551923,Venkatapuram,Telangana,Mahbubnagar,,16.2689024,77.5627229,1.3800914,1.102555,1.7387588,3.6205878,3.9734805,5.4373918,0.879460198538644,0.0,0.0,0.0,4.171371,,,-0.06798877,0.08472658,,,,,,0.0005844224,0.24379599,,,,,,0.0,0.0,22.27,158.65,977.0,1087.0,0.054180696629471,,293.98780399617016,5.686934013099336,0.15271535,0.2432115675999999,,2022.0,0.1793337,0.9084020000000002,0.7290683000000001,96.5642304902429,84.66894153638185,91.16465863453816,28.05183875345551,77.92049254285865,15.766499196198492,3.009394405817101,81.30307075880432,50.00088459565133,0.0,50.00088459565133,0.0,85.88893017001928,12.130146729276223,50.00088459565133,0.0,46.56776887284822,0.0,50.00088459565133,0.0,46.17412380800736,0.0,78.0584894644658,41.988440769315154,23.854006333704863,12.720331462790242,72.1193142614511,33.52751810919919,99.98346883634932,99.98386710396456,47.46554439466557,60.85167590739482,99.65576592082616,True,71.4,10,14,47.2,35,ndbi_growth,ntl_growth_log,ghsl_change,Urban Fringe Expansion
9528181937,Charkāpatthal,Jharkhand,Garhwa,,24.1817141,83.7038672,0.8590738,1.2390801,1.9289296,2.1573071,2.9744108,3.8661842,0.5848549076489039,1.0,1.0,0.0,7.8517857,,,,,,,,,,,,,,,,,0.0,0.0,95.27,103.44,760.0,3883.0,6.127815564680555,,350.0409860014355,5.860902985883729,,,,2022.0,0.5349279,0.85443855,0.31951065,97.97604514976204,90.75287580342564,81.8958653999257,16.0338779772467,60.68856925499354,9.076175616635831,51.616156254975856,0.0,50.00088459565133,0.0,50.00088459565133,0.0,99.45331988747942,100.0,50.00088459565133,0.0,46.56776887284822,0.0,50.00088459565133,0.0,46.17412380800736,0.0,53.09520018399589,35.781377753478445,95.26564407409374,70.97529989338544,52.011570511119366,21.17810003722049,99.9972671506747,99.99766548101304,68.3398403052897,60.64250457844413,96.55172413793105,True,71.4,10,14,58.7,36,ghsl_change,ndbi_growth,ntl_growth_log,Remote Village Emergence
7098764532,Bhanpur,Uttar Pradesh,Siddharth Nagar,,27.0244952,82.6626134,2.1018417,2.085385,4.729731,10.165206,13.389796,13.271529,2.71991845539638,1.0,1.0,0.0,13.700241,,,,,,,,,,,,,,,,,0.0,0.0,58.97,150.56,1112.0,5221.0,3.166734042553653,,531.4238127447942,6.277439812689762,,,,2022.0,1.31394465,1.5531615,0.2392168499999998,99.34186083541212,100.0,99.07117456610584,100.0,95.59117527378235,49.12486179238817,51.616156254975856,0.0,50.00088459565133,0.0,50.00088459565133,0.0,98.08042743661872,72.44000175309057,50.00088459565133,0.0,46.56776887284822,0.0,50.00088459565133,0.0,46.17412380800736,0.0,47.06225784194045,34.564482704927926,75.88769173610743,42.00741833132235,69.95028572439537,31.717940275431623,99.9972671506747,99.99766548101304,94.40908242048847,60.58610420613996,100.0,True,71.4,10,14,55.0,37,ghsl_change,ndbi_growth,ntl_growth_log,Market Corridor Growth
9187015105,Jawal,Uttar Pradesh,Bulandshahr,,28.1716748,77.9120349,1.4862083,1.7488214,10.412379,10.98243,12.225547,9.565054,2.068413019180298,0.0,0.0,0.0,7.336089,,,0.03383618,,,,,,,0.22184701,,,,,,,0.0127323954473516,0.004456338406573,27.29,89.25,671.0,4027.0,2.481615366889562,,543.5877124357332,6.300029017435972,,,,2021.0,0.2626131,-0.1298857999999999,-0.3924989,99.3790138527679,100.0,98.15473347133026,76.55330429088875,91.90594979035085,33.34240434401566,51.616156254975856,0.0,50.00088459565133,0.0,50.00088459565133,0.0,97.2197158678768,59.16491746979119,50.00088459565133,0.0,95.11703200467066,33.33333333333284,50.00088459565133,0.0,46.17412380800736,0.0,15.866107602215026,24.990496067524028,32.53719724713833,16.726358058976377,45.76632521274526,18.004069201477368,99.9972671506747,99.99766548101304,67.53743340617821,60.584592446262825,99.24242424242424,True,71.4,10,14,44.2,38,ghsl_change,ndbi_growth,ntl_growth_log,Urban Fringe Expansion
10086462923,Sonegaon,Maharashtra,Bid,,18.7993322,75.5509293,0.53914076,0.5683633,0.9246699,1.2147406,1.8675117,2.4817505,0.397158990587507,1.0,1.0,0.0,1.2816453,,,,,,,,,,,,,,,,,0.0,0.0,89.09,90.38,846.0,4147.0,5.523608091891015,,360.3158737247023,5.88975257221395,,,,2022.0,0.19276457,0.63350495,0.4407403799999999,98.1211188365798,91.76178551907935,62.4099923924774,8.377117427271909,27.065088548024697,3.1811497604401437,51.616156254975856,0.0,50.00088459565133,0.0,50.00088459565133,0.0,99.2834775224245,100.0,50.00088459565133,0.0,46.56776887284822,0.0,50.00088459565133,0.0,46.17412380800736,0.0,62.36930099251632,37.618678493686495,93.49556817578684,66.04357790843916,46.20331546450117,18.25682852807284,99.9972671506747,99.99766548101304,60.41592776092512,60.54898186592202,99.75786924939467,True,71.4,10,14,56.2,39,ghsl_change,ndbi_growth,ntl_growth_log,Steady Grower
2127078559,Ramanayakanahalli,Karnataka,Bangalore,,12.9097581,77.7555189,5.3690224,5.5365276,7.388276,14.872982,22.000008,19.148384,3.5934844153268,0.0,0.0,0.0,11.70738,,,,,,,,,,,,,,,,,0.0254647908947032,0.0089126768131461,21.39,12.94,1544.0,2559.0,3.376665300803283,,256.6456344082304,5.551585130746463,,,,2023.0,3.03636272,-2.851624000000001,-5.887986720000001,94.74373263981036,79.93560495243096,99.5700865134547,100.0,98.00965978451252,74.1489652782488,51.616156254975856,0.0,50.00088459565133,0.0,50.00088459565133,0.0,98.26530792774622,76.5076987024718,50.00088459565133,0.0,97.81770252817437,66.66666666666643,50.00088459565133,0.0,46.17412380800736,0.0,0.267147886700989,0.0,22.33780938732905,12.018079788558408,3.64276489216779,0.9349858275832452,99.9972671506747,99.99766548101304,66.19100435415024,60.432702997626166,99.47643979057592,True,71.4,10,14,30.1,40,ghsl_change,ndbi_growth,ntl_growth_log,Market Corridor Growth
7737312579,Pali Tahsil,Chhattisgarh,Korba,,22.4584111,82.4841499,0.98058534,0.9556603,1.32343,1.5138283,2.3113635,4.665497,0.6480590088026864,0.0,0.0,0.0,1.2881509,,,,,,,,,,,,,,,,,0.0,0.0,52.66,92.24,196.0,1242.0,5.47953938510925,,375.7869417056551,5.931679886331128,,,,2023.0,0.196749858,2.3541335,2.157383642,98.31042230596394,93.22804136344048,84.89110627532155,18.612190153065622,71.1037984537268,12.479711389557409,51.616156254975856,0.0,50.00088459565133,0.0,50.00088459565133,0.0,99.2675548007006,100.0,50.00088459565133,0.0,46.56776887284822,0.0,50.00088459565133,0.0,46.17412380800736,0.0,95.96270544734004,63.63531596327221,69.32133821630133,36.97195462177364,46.99591316809087,18.67287485326538,99.9972671506747,99.99766548101304,48.397062012807325,60.38791533182446,100.0,True,71.4,10,14,57.8,41,ghsl_change,ndbi_growth,ntl_growth_log,Steady Grower
8128089592,Domariyaganj,Uttar Pradesh,Siddharth Nagar,,27.1685661,82.5056076,0.7102796,0.0,0.69368225,0.91214764,1.9655086,3.7234466,0.6051664641925266,1.0,1.0,0.0,7.01707,,,,,,,,,,,,,,,,,0.0,0.0,57.78,173.1,930.0,5285.0,3.390557673647102,,424.222658232054,6.052612933458303,,,,2023.0,0.1299286369999999,1.757938,1.628009363,98.77218123595704,97.45723636102709,82.9980715814801,16.86245606933658,58.248854448631526,8.468387867282924,51.616156254975856,0.0,50.00088459565133,0.0,50.00088459565133,0.0,98.28211524512146,76.77688187751508,50.00088459565133,0.0,46.56776887284822,0.0,50.00088459565133,0.0,46.17412380800736,0.0,93.64506484086124,55.61236850101356,74.75275551545388,41.05778254457703,75.82753923181713,36.75970595814127,99.9972671506747,99.99766548101304,92.13746015147832,60.36022601966126,99.39024390243902,True,71.4,10,14,59.2,42,ghsl_change,ndbi_growth,ntl_growth_log,Steady Grower
11711433496,Gobindpur Garwal,Uttarakhand,Nainital,,29.2063411,79.4740941,2.9105663,2.4611037,3.8417456,9.611983,12.17275,11.435694,2.215166146414621,1.0,1.0,0.0,5.370161,,,,,,,,,,,,,,,,,1.3878311037613271,0.4857408863164645,63.28,237.5,1479.0,2357.0,1.5689597590938746,,292.9027144992368,5.683248809514362,,,,2022.0,0.4655896499999998,0.9118554999999996,0.4462658499999998,96.52353909028184,84.54006489813533,98.42895812324186,82.53986794547073,94.16520708384198,41.30773426023621,51.616156254975856,0.0,50.00088459565133,0.0,50.00088459565133,0.0,95.27979760451495,41.481002922621904,50.00088459565133,0.0,99.9805388956708,100.0,50.00088459565133,0.0,46.17412380800736,0.0,62.77267660952178,37.70241991685882,79.70295278028414,45.44685550852599,87.09994161668702,51.16475076588314,99.9972671506747,99.99766548101304,75.32947479854879,60.35029346991328,98.83040935672514,True,71.4,10,14,55.3,43,ghsl_change,ndbi_growth,ntl_growth_log,Connectivity-Led Growth
8000928300,Udaipur Kalan,Rajasthan,Ajmer,,26.5095973,74.8386955,1.442424,1.2528703,1.5165691,5.299554,11.348529,11.368828,2.3914851188659667,1.0,1.0,0.0,5.7259107,,,,,,,,,,,,,,,,,0.0,0.0,21.42,343.22,1425.0,3829.0,3.678178768234624,,688.1751828865855,6.535495495425336,,,,2023.0,1.18350888,0.0202990000000014,-1.1632098799999986,99.68331475682466,100.0,98.6819524795216,89.73252388393715,94.108592962157,41.02301365649738,51.616156254975856,0.0,50.00088459565133,0.0,50.00088459565133,0.0,98.4997257753481,82.34992258991892,50.00088459565133,0.0,46.56776887284822,0.0,50.00088459565133,0.0,46.17412380800736,0.0,4.913044247474479,13.309963131911056,22.39000053075739,12.042020186543583,96.01755037772234,74.81228705585939,99.9972671506747,99.99766548101304,58.53271325221912,60.27877387325074,100.0,True,71.4,10,14,38.5,44,ghsl_change,ndbi_growth,ntl_growth_log,Urban Fringe Expansion
6895713982,Basti Baba Jeevan Singh,Punjab,Firozpur,,30.9024478,74.683203,3.5719366,3.6480186,5.3546124,8.23582,17.984602,18.644175,3.4643470696040564,1.0,1.0,0.0,7.5743904,,,,,,,,,,,,,,,,,0.0,0.0,34.05,75.14,1215.0,2104.0,3.9433538560407055,,421.9626518566986,6.047283881665197,,,,2023.0,1.5698244000000003,0.6595730000000017,-0.9102513999999986,98.76156608814112,97.2708720898814,99.52408753958566,100.0,97.88758558462926,72.00200432813139,51.616156254975856,0.0,50.00088459565133,0.0,50.00088459565133,0.0,98.6624913751924,87.48804210920493,50.00088459565133,0.0,46.56776887284822,0.0,50.00088459565133,0.0,46.17412380800736,0.0,6.894538506448702,17.143682818871532,44.21562903596766,22.12092773830273,39.487465279620686,14.847932831333926,99.9972671506747,99.99766548101304,54.938631408472816,60.05104933592076,100.0,True,71.4,10,14,43.7,45,ghsl_change,ndbi_growth,ntl_growth_log,Market Corridor Growth
6660228006,Pirkalyan,Maharashtra,Jalna,,19.8685463,76.0033536,2.5400133,4.446981,4.643617,5.0499268,4.4982133,4.4553156,0.2896148000444684,1.0,1.0,0.0,6.9429545,,,-0.14983706,0.015951147,,,,,,-0.011445176,0.24716938,,,,,,0.0,0.0,70.31,65.31,786.0,4719.0,6.622712049842392,,75.40520752391335,4.336050855157365,0.165788207,0.258614556,,2021.0,1.9069677,-0.11166177,-2.01862947,30.26378642322594,37.42669940645178,33.32448737682006,3.990020848822865,68.68885232560197,11.584742719341264,3.050085805778179,83.99496791959321,50.00088459565133,0.0,50.00088459565133,0.0,99.56212515259276,100.0,50.00088459565133,0.0,46.56776887284822,0.0,50.00088459565133,0.0,46.17412380800736,0.0,2.045185145869823,0.3456263648864338,84.46296198007892,51.05688876971893,34.66199600162766,12.649150370773327,99.99726707950236,99.99766540984038,39.90442091391883,60.02187426302618,100.0,True,71.4,10,14,46.7,46,ndbi_growth,ghsl_change,ntl_growth_log,Steady Grower
3824202414,Haripura,Karnataka,Kolar,,13.0156755,77.9995909,1.1642916,1.1221925,1.3922534,6.803761,6.8497305,6.5174856,1.4102883304868423,1.0,1.0,0.0,1.7758312,,,,,,,,,,,,,,,,,0.0,0.0,18.97,37.18,1357.0,2338.0,3.2557473689926133,,459.7812094495914,6.132923330446046,,,,2022.0,0.1139808999999999,-0.1431377,-0.2571186,99.02163720963148,100.0,96.11131751676308,49.706139833368034,83.97289598924331,20.365622200873,51.616156254975856,0.0,50.00088459565133,0.0,50.00088459565133,0.0,98.17154078870549,74.16475317614679,50.00088459565133,0.0,46.56776887284822,0.0,50.00088459565133,0.0,46.17412380800736,0.0,20.322700493604373,27.04225618774856,18.396051165012477,10.086887684420867,18.896732303663995,6.357008904286084,99.9972671506747,99.99766548101304,73.65498716042599,59.80711215659527,100.0,True,71.4,10,14,43.3,47,ghsl_change,ndbi_growth,ntl_growth_log,Urban Fringe Expansion
7471594067,Matheri,Kerala,Alappuzha,,9.3253115,76.3781516,0.75406796,0.7460224,0.7788275,1.6351286,2.7640476,2.685832,0.4734056319509234,0.0,0.0,0.0,31.286747,,,,,,,,,,,,,,,,,0.0127323954473516,0.004456338406573,19.45,65.07,838.0,1655.0,5.050888362851423,,256.17903723160447,5.549772485276706,,,,2023.0,0.267598702,-0.0782156,-0.3458143020000001,94.7136563876652,79.87221424711753,72.92429630415937,11.48747957472617,33.467791872335155,4.050144584295703,51.616156254975856,0.0,50.00088459565133,0.0,50.00088459565133,0.0,99.13486545300142,100.0,50.00088459565133,0.0,95.11703200467066,33.33333333333284,50.00088459565133,0.0,46.17412380800736,0.0,17.29384498345806,25.6980258662105,19.12849636431187,10.469934052183683,34.54611397130372,12.59546697397429,99.9972671506747,99.99766548101304,46.02566562068119,59.59593071065456,100.0,True,71.4,10,14,46.7,48,ghsl_change,ndbi_growth,ntl_growth_log,Urban Fringe Expansion
9499294377,Ankli,Madhya Pradesh,Agar Malwa,,23.9056327,76.0990119,0.69783443,0.82106227,1.0489882,1.3326583,3.5429983,3.9305584,0.7032313789640154,1.0,1.0,0.0,2.1277778,,,,,,,,,,,,,,,,,0.0,0.0,85.48,265.36,402.0,2110.0,3.5797480970273416,,463.2508559372744,6.140425043930145,,,,2023.0,0.213239754,0.3875600999999999,0.1743203459999999,99.04994427047396,100.0,86.91152274295419,20.86286046019695,61.68285476708596,9.350285943097772,51.616156254975856,0.0,50.00088459565133,0.0,50.00088459565133,0.0,98.4236505493339,80.44269760430335,50.00088459565133,0.0,46.56776887284822,0.0,50.00088459565133,0.0,46.17412380800736,0.0,42.386285229021816,33.58094182897188,92.16955929444651,63.16275001755631,90.7842825044672,57.39649841097146,99.9972671506747,99.99766548101304,47.93509212501228,59.46280906904806,100.0,True,71.4,10,14,55.4,49,ghsl_change,ndbi_growth,ntl_growth_log,Steady Grower
3817798688,Kotapalli,Karnataka,Kolar,,13.4127678,78.2460578,0.7184464,0.789856,0.91222215,1.333366,1.6775588,3.0259013,0.4177579113415309,0.0,1.0,1.0,2.0004094,,,,,,,,,,,,,,,,,0.0,0.0,33.06,79.65,1167.0,3084.0,6.58454690354517,,321.1728668972383,5.7750882552081375,,,,2023.0,0.196712495,1.3483425000000002,1.151630005,97.39928878509632,87.75181663627511,65.9289138934593,9.217418091616544,42.98957946322736,5.498185986638314,51.616156254975856,0.0,50.00088459565133,0.0,50.00088459565133,0.0,99.54885621782284,100.0,50.00088459565133,0.0,46.56776887284822,0.0,50.00088459565133,0.0,95.73624896060012,100.0,88.75678927162394,48.39258712334956,42.58266546361658,21.330894604791915,41.56449586893831,15.856733329515848,99.9972671506747,99.99766548101304,62.27945656700617,59.43916764138479,99.890350877193,True,71.4,10,14,54.9,50,ghsl_change,ndbi_growth,ntl_growth_log,Urban Fringe Expansion
3825040466,Bettahalli,Karnataka,Kolar,,12.9797668,78.1129308,1.050325,1.5798322,1.9061087,2.3092456,3.188363,4.3611064,0.6223610367093767,1.0,1.0,0.0,4.86491,,,,,,,,,,,,,,,,,0.0,0.0,17.22,48.36,301.0,2692.0,8.270285129376273,,315.2149477542666,5.756422196758181,,,,2023.0,0.41030383,1.1727434,0.76243957,97.2612918634892,87.09903889771206,83.76413141552996,17.563881686802908,67.59903048316615,11.183592653511814,51.616156254975856,0.0,50.00088459565133,0.0,50.00088459565133,0.0,99.77531270456277,100.0,50.00088459565133,0.0,46.56776887284822,0.0,50.00088459565133,0.0,46.17412380800736,0.0,79.28630822850874,42.49420003375203,15.63788192417246,8.690364468618927,25.597544362471915,8.857760471841269,99.9972671506747,99.99766548101304,61.81965203154501,59.220344093042826,99.78070175438596,True,71.4,10,14,50.7,51,ghsl_change,ndbi_growth,ntl_growth_log,Urban Fringe Expansion
6161920814,Chamanpalle,Telangana,Adilabad,,19.1457765,78.7017819,0.7302431,0.68218243,0.8740607,1.4972584,3.7701755,3.4041567,0.6644784229142325,1.0,1.0,0.0,1.9064994,,,,,,,,,,,,,,,,,0.0,0.0,81.19,102.79,884.0,2318.0,4.282468461806266,,366.1675954213056,5.905818407088943,,,,2023.0,0.249292417,-0.3660188,-0.6153112169999999,98.18834810608072,92.32362986270137,85.53509190948817,19.281994399163644,51.84438193301841,7.108826758562345,51.616156254975856,0.0,50.00088459565133,0.0,50.00088459565133,0.0,98.83941050545796,94.05883799193585,50.00088459565133,0.0,46.56776887284822,0.0,50.00088459565133,0.0,46.17412380800736,0.0,10.887603276542292,21.61365744096295,90.26325566583516,59.739273105676126,51.70550041575995,21.032707504223097,99.9972671506747,99.99766548101304,45.23699602720335,59.0674142811129,100.0,True,71.4,10,14,50.6,52,ghsl_change,ndbi_growth,ntl_growth_log,Steady Grower
8026102464,Fateh Garh,Rajasthan,Ajmer,,26.0677316,74.5738435,0.617575,0.0,0.5578376,0.8413274,1.3195739,2.6689873,0.4142649395125253,1.0,1.0,0.0,1.5107471,,,0.06842174,0.107669115,,,,,,0.2404768,0.21479788,,,,,,0.0,0.0,42.97,397.26,2602.0,3051.0,0.4585603675228148,,332.17217342023235,5.80865939366071,0.039247375,-0.0256789199999999,,2021.0,-0.617575,0.6811695600000001,1.29874456,97.66112909788936,88.92584552399181,65.33092723316172,9.074927784308716,32.98126426410487,3.97841854783772,2.4644834845991896,57.93831432163341,50.00088459565133,0.0,50.00088459565133,0.0,90.3287157440334,19.965539930838847,50.00088459565133,0.0,46.56776887284822,0.0,50.00088459565133,0.0,46.17412380800736,0.0,90.74536029580878,50.62218609050784,57.57744634927374,29.23920607256176,97.31436760256886,86.89999856844275,99.9972671506747,99.99766548101304,54.91220183728319,59.00550742516616,99.438202247191,True,71.4,10,14,45.9,53,ghsl_change,ntl_growth_log,ndbi_growth,Steady Grower
10080683529,Murti,Maharashtra,Bid,,18.7051552,76.6110456,0.65394366,0.70177335,1.7693497,3.3486855,2.9636934,2.7438886,0.537566305909838,1.0,1.0,0.0,4.678713,,,,-0.04976117,,,,,,,0.37561053,,,,,,0.0,0.0,34.09,182.11,902.0,5040.0,6.9792252007601645,,319.5909782197445,5.770166099479272,,,,2022.0,0.5577030199999999,-0.3023984500000001,-0.86010147,97.35328981122728,87.57968208016847,78.73608973338287,14.10481363781991,35.28828972276772,4.297354080946074,51.616156254975856,0.0,50.00088459565133,0.0,50.00088459565133,0.0,99.61431629602107,100.0,50.00088459565133,0.0,46.56776887284822,0.0,50.00088459565133,0.0,46.17412380800736,0.0,7.42883427985068,17.903731558651607,44.2775507315606,22.152848268949636,77.90545441678609,38.775070146305154,99.9972671506747,99.99766548101304,52.82838988499818,58.914973940452406,99.51573849878936,True,71.4,10,14,50.7,54,ghsl_change,ndbi_growth,ntl_growth_log,Urban Fringe Expansion
8090825798,Khadganva Tahsil,Chhattisgarh,Koriya,,23.0434049,82.4114728,1.0426756,1.153871,1.7886593,2.127586,2.1694326,4.5706882,0.6007335560662406,1.0,1.0,0.0,1.9771864,,,,0.15379348,,,,,,,0.29673657,,,,,,0.0,0.0,108.88,152.6,263.0,1556.0,6.829550808048692,,338.361480790382,5.82706585428629,,,,2023.0,0.38895195,2.4012556000000003,2.01230365,97.76904976735136,89.56954476956788,82.7592307556216,16.68162253499866,70.00689984608036,12.076008180516132,51.616156254975856,0.0,50.00088459565133,0.0,50.00088459565133,0.0,99.59131680908658,100.0,50.00088459565133,0.0,46.56776887284822,0.0,50.00088459565133,0.0,46.17412380800736,0.0,95.46733188259648,61.43655187552759,97.58416927622385,81.83626044599367,70.55004157599562,32.17424914822344,99.9972671506747,99.99766548101304,40.492408711756525,58.89513368861015,100.0,True,71.4,10,14,56.2,55,ghsl_change,ndbi_growth,ntl_growth_log,Remote Village Emergence
5450980307,Thippaya Palem,Andhra Pradesh,Prakasam,,15.690271,79.1775568,1.190061,0.968365,1.2087318,2.3852847,7.557785,6.788902,1.3982576319149562,1.0,1.0,0.0,3.961382,,,,,,,,,,,,,,,,,0.0,0.0,73.98,310.63,2538.0,5599.0,3.2557769729258226,,470.4667239746534,6.155848524767835,,,,2023.0,0.38260379,-0.7688829999999998,-1.15148679,99.08355890522442,100.0,96.0547033950781,49.21536635434919,85.06979459688976,21.521334240962428,51.616156254975856,0.0,50.00088459565133,0.0,50.00088459565133,0.0,98.17419457565948,74.16532679167128,50.00088459565133,0.0,46.56776887284822,0.0,50.00088459565133,0.0,46.17412380800736,0.0,4.992657856093979,13.487632767358756,86.47895546945492,53.98559745657213,94.38812518797658,67.52252913219,99.9972671506747,99.99766548101304,52.613908987297314,58.75514429026751,100.0,True,71.4,10,14,43.6,56,ghsl_change,ndbi_growth,ntl_growth_log,Steady Grower
3739482010,Gidadagalahalli,Karnataka,Tumkur,,13.589623,77.0450134,0.69344574,0.56867933,0.63163835,1.1928095,1.6598588,2.3070562,0.3400789090565272,1.0,1.0,0.0,1.6029755,,,0.009825342,0.03318714,,,,,,0.41477978,0.43713477,,,,,,0.0,0.0,29.37,82.24,1528.0,2049.0,1.619798879789434,,232.6945522803269,5.454014930534246,0.0233617979999999,0.02235499,,2021.0,-0.12476641,0.5493302849999999,0.6740966949999999,92.82592926773172,76.5234408463112,49.868195247952166,6.0486250269135775,20.70307662367532,2.437287908890295,2.2150275109247564,54.66723596257286,50.00088459565133,0.0,50.00088459565133,0.0,95.40629478265484,42.46607840822037,50.00088459565133,0.0,46.56776887284822,0.0,50.00088459565133,0.0,46.17412380800736,0.0,75.98145887514816,41.15531699219443,36.14457831325301,18.386225652615256,42.7551616156255,16.436066653305463,99.9972671506747,99.99766548101304,68.1853714663843,58.66930960311216,100.0,True,71.4,10,14,50.5,57,ghsl_change,ntl_growth_log,ndbi_growth,Urban Fringe Expansion
10098644626,Partapur,Maharashtra,Osmanabad,,18.4512473,75.9053189,0.52711546,0.594474,0.7858899,0.9708632,1.6046395,2.3293495,0.3493325744356428,1.0,1.0,0.0,1.8491681,,,,-0.03191647,,,,,,,0.31720698,,,,,,0.0,0.0,68.39,121.16,979.0,3521.0,4.203639889224727,,341.90498605371965,5.837453400202235,,,,2022.0,0.12938722,0.67924315,0.54985593,97.83274065424696,89.9328115379866,52.18583585443094,6.42611379239537,21.52575057941015,2.5322145058952144,51.616156254975856,0.0,50.00088459565133,0.0,50.00088459565133,0.0,98.81110344461548,92.5314297017768,50.00088459565133,0.0,46.56776887284822,0.0,50.00088459565133,0.0,46.17412380800736,0.0,69.55752525520585,39.27238242244398,83.23868159864126,49.524703298667646,59.60228579516304,25.141724167549462,99.9972671506747,99.99766548101304,55.16519306670473,58.617467392149685,100.0,True,71.4,10,14,57.2,58,ghsl_change,ndbi_growth,ntl_growth_log,Steady Grower
10080683668,Sonwala,Maharashtra,Bid,,18.7893988,76.2716389,0.5972232,1.4433501,2.1889215,1.6751463,1.9030645,2.2731695,0.2641457029751369,1.0,1.0,0.0,2.3677292,,,,0.04157842,,,,,,,0.21177924,,,,,,0.0,0.0,52.92,152.15,1084.0,6456.0,9.125260460431049,,280.62310707286656,5.640569677284161,,,,2022.0,0.7958491500000001,0.2990115999999999,-0.4968375500000002,96.00516603860376,83.04751694026001,22.980025830193014,2.951048980190549,19.50710330308016,2.292995717302394,51.616156254975856,0.0,50.00088459565133,0.0,50.00088459565133,0.0,99.8443111653663,100.0,50.00088459565133,0.0,46.56776887284822,0.0,50.00088459565133,0.0,46.17412380800736,0.0,13.253012048192772,23.409188587277157,69.56725580737046,37.179438070978506,70.4155830369938,32.073592779225244,99.9972671506747,99.99766548101304,70.08716636199426,58.41826322232967,99.27360774818402,True,71.4,10,14,49.3,59,ghsl_change,ndbi_growth,ntl_growth_log,Steady Grower
10001936612,Marshivni Tanda,Maharashtra,Latur,,18.7298373,76.9506347,1.0525924,1.1122956,2.3717859,3.343276,3.385608,4.4045515,0.7014635051999774,1.0,1.0,0.0,3.2767386,,,,0.08534428,,,,,,,0.25929993,,,,,,0.0,0.0,53.48,206.3,1031.0,3639.0,4.318419732934839,,318.4479671333367,5.766594403382265,,,,2021.0,0.0597031999999999,0.6140628800000001,0.5543596800000001,97.33205951559545,87.45477495490206,86.8478318560586,20.790742822766436,68.12978787396281,11.368585252164252,51.616156254975856,0.0,50.00088459565133,0.0,50.00088459565133,0.0,98.85533322718186,94.7554416188344,50.00088459565133,0.0,46.56776887284822,0.0,50.00088459565133,0.0,46.17412380800736,0.0,69.84944182014401,39.34063913809213,70.26520177626807,37.62632550003512,82.61150328184986,44.1859091820082,99.9972671506747,99.99766548101304,57.22531972723052,58.31066453780925,99.61089494163424,True,71.4,10,14,61.5,60,ghsl_change,ndbi_growth,ntl_growth_log,Steady Grower
2897612203,Chittar,Kerala,Kottayam,,9.7413091,76.6668843,0.5014335,0.5364518,0.56085813,1.0926341,1.8453811,1.9878699,0.3397355931145804,0.0,0.0,0.0,5.360738,,,,,,,,,,,,,,,,,0.0,0.0,40.52,36.38,460.0,1308.0,5.251293582246814,,296.43739399142663,5.695203762475051,,,,2022.0,0.0297123149999999,0.4476179,0.417905585,96.6721511597049,84.95814604682714,49.74435185676627,6.034619991526388,8.95387718273977,1.0781679369888355,51.616156254975856,0.0,50.00088459565133,0.0,50.00088459565133,0.0,99.20209472250234,100.0,50.00088459565133,0.0,46.56776887284822,0.0,50.00088459565133,0.0,46.17412380800736,0.0,60.63903189851919,37.27260508614861,54.217752065530846,27.284073570439045,18.37216708242662,6.178064248289291,99.9972671506747,99.99766548101304,56.35769452546033,58.30497836247312,100.0,True,71.4,10,14,52.4,61,ghsl_change,ndbi_growth,ntl_growth_log,Steady Grower
8130691513,Bansi,Uttar Pradesh,Siddharth Nagar,,27.1167433,82.896223,0.69919753,0.6533544,1.8747796,3.302395,4.3735228,4.159848,0.8540392569133213,1.0,1.0,0.0,13.2587,,,,,,,,,,,,,,,,,0.0,0.0,64.15,145.96,704.0,4398.0,2.789145396603324,,494.9460376383195,6.20646712572228,,,,2022.0,0.5877910350000001,0.4287265,-0.159064535,99.18263361817311,100.0,90.73474514799284,27.01483131063344,64.94347433788016,10.326618807977304,51.616156254975856,0.0,50.00088459565133,0.0,50.00088459565133,0.0,97.61513012402033,65.12372024237443,50.00088459565133,0.0,46.56776887284822,0.0,50.00088459565133,0.0,46.17412380800736,0.0,24.108769881287262,28.528317455103583,80.35932275356934,46.141127050096095,68.47566477363198,30.68900850345006,99.9972671506747,99.99766548101304,68.94347130612036,58.21538142381414,98.78048780487804,True,71.4,10,14,55.4,62,ghsl_change,ndbi_growth,ntl_growth_log,Steady Grower
11909184803,Chikka Dasarahalli,Karnataka,Bangalore,,12.8902939,77.783997,3.9385746,3.8339088,4.7327514,7.3235073,9.818477,15.511631,2.2402783393859864,0.0,1.0,1.0,5.441425,,,,,,,,,,,,,,,,,0.0381971863420548,0.0133690152197192,24.88,16.53,1386.0,1640.0,0.6702374740997626,,293.83869991950894,5.686428426867291,,,,2023.0,1.1053640699999998,5.693154,4.58778993,96.5606921076376,84.65126049042951,98.48026467101889,83.56428047120303,96.7393804292058,58.66338950268276,51.616156254975856,0.0,50.00088459565133,0.0,50.00088459565133,0.0,91.71930010792066,24.067065010315247,50.00088459565133,0.0,98.8022574881022,100.0,50.00088459565133,0.0,95.73624896060012,100.0,99.00571448790758,100.0,28.27433080338977,14.80314608750056,5.498646568653468,1.7379999713688556,99.9972671506747,99.99766548101304,81.42602610653044,58.076389026154615,99.21465968586386,True,71.4,10,14,37.1,63,ghsl_change,ndbi_growth,ntl_growth_log,NTL Breakout
3849691754,Maisalaga Tanda,Karnataka,Bidar,,17.667223,76.8944332,0.60850406,0.58800995,0.62808365,1.1887152,1.7565792,2.3508875,0.3650930455752781,1.0,1.0,0.0,3.92221,,,,0.11466463,,,,,,,0.2063435,,,,,,0.0,0.0,36.03,181.34,592.0,1989.0,4.73521382879375,,286.3388356028388,5.660662131242069,,,,2021.0,-0.02049411,0.573627555,0.594121665,96.27939069051536,83.75017769169764,55.79321692054562,7.069037493455433,22.346655343842333,2.623924977036404,51.616156254975856,0.0,50.00088459565133,0.0,50.00088459565133,0.0,99.04729048351996,100.0,50.00088459565133,0.0,46.56776887284822,0.0,50.00088459565133,0.0,46.17412380800736,0.0,72.07862286149002,39.94325307175874,47.32940572864144,23.700994005324358,77.73649664738248,38.60283591490825,99.9972671506747,99.99766548101304,58.9498636630575,58.07219631281412,100.0,True,71.4,10,14,58.1,64,ghsl_change,ndbi_growth,ntl_growth_log,Steady Grower
8125936776,Itwa,Uttar Pradesh,Siddharth Nagar,,27.3296852,82.6859808,0.75036407,0.63423663,1.1763362,3.1185312,3.9566553,4.6345778,0.8951576965195792,1.0,1.0,0.0,11.20543,,,,,,,,,,,,,,,,,0.0,0.0,74.99,177.17,649.0,3858.0,2.347867099528843,,517.6438858539694,6.2512174932302536,,,,2022.0,0.2129860649999999,0.7580232999999998,0.5450372349999999,99.27816994851652,100.0,91.47957468641084,28.692193563274937,70.73757585407711,12.34805504266778,51.616156254975856,0.0,50.00088459565133,0.0,50.00088459565133,0.0,96.99591316809088,56.573367151537525,50.00088459565133,0.0,46.56776887284822,0.0,50.00088459565133,0.0,46.17412380800736,0.0,69.27799302938627,39.19935254858105,87.0070590732976,54.79159085540639,76.80855580913965,37.67008689552496,99.9972671506747,99.99766548101304,89.60403554176969,57.96585667197106,98.47560975609755,True,71.4,10,14,59.6,65,ghsl_change,ndbi_growth,ntl_growth_log,Steady Grower
9045230331,Mihinpurwa,Uttar Pradesh,Bahraich,,28.0168323,81.3954734,1.2805418,0.99372286,1.3802367,1.7285267,5.3539476,7.93737,1.334660129887717,1.0,1.0,0.0,9.888069,,,,,,,,,,,,,,,,,0.0,0.0,22.98,319.12,734.0,3962.0,2.365154290548256,,519.8446626263976,6.255451844948554,,,,2023.0,0.173046854,2.5834224,2.410375546,99.2870159050298,100.0,95.7203262388762,46.62100600691648,88.75502008032129,26.41159988171745,51.616156254975856,0.0,50.00088459565133,0.0,50.00088459565133,0.0,97.03218158979531,56.90832943757032,50.00088459565133,0.0,46.56776887284822,0.0,50.00088459565133,0.0,46.17412380800736,0.0,96.6880738814288,67.46954220864818,25.03494152822745,13.28692088177274,94.9206517700759,69.42157929395597,99.9972671506747,99.99766548101304,87.21299212732563,57.89654884415378,100.0,True,71.4,10,14,47.6,66,ghsl_change,ndbi_growth,ntl_growth_log,Urban Fringe Expansion
9998924944,Abadinager Tanda,Maharashtra,Nanded,,18.6758391,77.3685745,0.6242591,0.745945,1.0603863,1.4530479,1.406351,2.480004,0.3329315526144845,1.0,1.0,0.0,1.1515514,,,,0.06436647,,,,,,,0.23287635,,,,,,0.0,0.0,55.3,209.67,285.0,4217.0,6.620972961301329,,297.27158162372007,5.698004419210801,,,,2023.0,0.28008077,1.0736530000000002,0.7935722300000002,96.69691983794208,85.05608886509033,47.81770252817437,5.757059830936833,27.003166852431757,3.173713028252936,51.616156254975856,0.0,50.00088459565133,0.0,50.00088459565133,0.0,99.55947136563876,100.0,50.00088459565133,0.0,46.56776887284822,0.0,50.00088459565133,0.0,46.17412380800736,0.0,80.37436087964191,42.966031978462674,72.24846522654495,39.07870964446914,83.19002883781823,44.93971354539468,99.9972671506747,99.99766548101304,47.10621545276199,57.87178725431715,98.7878787878788,True,71.4,10,14,56.7,67,ghsl_change,ndbi_growth,ntl_growth_log,Steady Grower
5390598561,Gosai Guda,Telangana,Ranga Reddy,,17.6143798,78.518284,4.214328,4.571295,5.487755,7.306423,9.99678,17.369669,2.396338026864188,1.0,1.0,0.0,2.4978642,,,,,,,,,,,,,,,,,0.0,0.0,23.94,262.69,349.0,2123.0,5.368282540477044,,312.1575017416774,5.746706264429904,,,,2023.0,1.0192745,7.372888999999999,6.353614499999999,97.18344744617237,86.75925938023718,98.68902924473224,89.93049065431332,97.46297967199192,66.57505912745,51.616156254975856,0.0,50.00088459565133,0.0,50.00088459565133,0.0,99.23394016595014,100.0,50.00088459565133,0.0,46.56776887284822,0.0,50.00088459565133,0.0,46.17412380800736,0.0,99.48162694832192,100.0,26.72982679617147,14.053013617298376,90.45786670912726,56.79927062158217,99.9972671506747,99.99766548101304,36.21786187011666,57.83832072972894,100.0,True,71.4,10,14,46.4,68,ghsl_change,ndbi_growth,ntl_growth_log,NTL Breakout
8665941817,Madrak,Uttar Pradesh,Aligarh,,27.7887098,78.0702475,2.4597147,2.5710704,2.893312,3.6971626,4.093548,4.179251,0.3991133008684431,1.0,1.0,0.0,11.73341,,,-0.113792196,0.16869786,,,,,,0.18244208,0.13867362,,,,,,0.0,0.0,11.75,130.49,1837.0,5920.0,3.1430778864218256,,69.90795721146033,4.2613826587139485,0.282490056,-0.04376846,,2022.0,0.2167986499999998,0.2410441999999999,0.02424555,26.21410753144738,34.815449873102736,62.77798418342976,8.456840449998008,65.21416060718646,10.40923828385958,3.216389788227801,100.0,50.00088459565133,0.0,50.00088459565133,0.0,98.05035118447356,71.98163230904571,50.00088459565133,0.0,46.56776887284822,0.0,50.00088459565133,0.0,46.17412380800736,0.0,33.080338977053586,31.306478842232803,7.91093890982432,4.325231902655151,62.889443235497055,27.228666218112064,99.99726707950236,99.99766540984038,30.383553614235616,57.76070730047551,95.52238805970148,True,71.4,10,14,51.8,69,ndbi_growth,ghsl_change,ntl_growth_log,Urban Fringe Expansion
8130691420,Bansi,Uttar Pradesh,Siddharth Nagar,,27.0778509,82.8384161,0.93763465,1.0015581,4.140518,4.6515965,4.7459493,5.2627916,0.953429625715528,1.0,1.0,0.0,10.09315,,,,,,,,,,,,,,,,,0.0,0.0,66.37,145.16,798.0,4290.0,2.6053552605022,,461.2838220089243,6.136179035808904,,,,2021.0,0.0639234499999999,0.3461173599999999,0.2821939099999999,99.03579074005272,100.0,92.31994055517222,31.069305519804697,76.55113847460326,15.02303802973242,51.616156254975856,0.0,50.00088459565133,0.0,50.00088459565133,0.0,97.3886736372804,61.56254225402588,50.00088459565133,0.0,46.56776887284822,0.0,50.00088459565133,0.0,46.17412380800736,0.0,50.26803248235232,35.21582280236084,81.9117881216496,47.91271650099913,68.20851688693098,30.51006384745326,99.9972671506747,99.99766548101304,69.92403440527171,57.73023288051942,97.86585365853658,True,71.4,10,14,59.3,70,ghsl_change,ndbi_growth,ntl_growth_log,Steady Grower
3919013162,Kattebelaguli,Karnataka,Hassan,,12.8152369,76.1922983,0.84013295,1.3269445,0.9881888,1.302232,1.3884865,4.123063,0.4832377144268581,0.0,0.0,0.0,4.8411975,,,,,,,,,,,,,,,,,0.0,0.0,73.5,21.94,248.0,1203.0,3.1632807152550426,,390.7631583786828,5.970657469385974,,,,2023.0,0.104754145,2.7345765,2.629822355,98.49264901013748,94.59114105529076,73.93273534667304,11.888563958470169,64.45871592095254,10.169985430647529,51.616156254975856,0.0,50.00088459565133,0.0,50.00088459565133,0.0,98.07158148010544,72.37308895013356,50.00088459565133,0.0,46.56776887284822,0.0,50.00088459565133,0.0,46.17412380800736,0.0,97.16752472444846,70.79537477968496,86.22949949578049,53.602551088809314,8.683190913433469,2.9481132075471708,99.9972671506747,99.99766548101304,69.90900975533131,57.728405969025786,100.0,True,71.4,10,14,48.5,71,ghsl_change,ndbi_growth,ntl_growth_log,Steady Grower
8357045942,Chinawara,Rajasthan,Bharatpur,,27.7035537,77.0045256,0.81526405,0.79419005,1.4340075,2.88039,3.4321175,4.2228107,0.7542256610734122,1.0,0.0,-1.0,5.6853623,,,,,,,,,,,,,,,,,0.0,0.0,44.58,110.01,406.0,2599.0,3.330690541866239,,417.9684667807932,6.037795658810362,,,,2022.0,0.309371725,0.6712103500000002,0.3618386250000001,98.73502821860129,96.93905588589988,88.48256461971233,22.94309221825802,65.79268616315483,10.594718858182592,51.616156254975856,0.0,50.00088459565133,0.0,50.00088459565133,0.0,98.2325778886471,75.6168766865604,50.00088459565133,0.0,46.56776887284822,0.0,50.00088459565133,0.0,0.4352210604532668,0.0,56.3115899722237,36.422880624094496,59.76416679935601,30.52400743109954,54.95727403004087,22.647683024594155,99.9972671506747,99.99766548101304,45.86155286694422,57.71697573425319,100.0,True,71.4,10,14,50.3,72,ghsl_change,ndbi_growth,ntl_growth_log,Steady Grower
3833226379,Chunchegauda Hosahalli,Karnataka,Bangalore Rural,,13.289896,77.4708213,0.80702007,0.73977983,0.83157086,1.5169919,1.7513818,2.6089184,0.3637062447411673,1.0,1.0,0.0,2.7224479,,,,,,,,,,,,,,,,,0.101859163578813,0.0356507072525845,36.41,33.84,254.0,833.0,1.8260706458194005,,223.2780071999944,5.412886385894053,,,,2021.0,-0.0672402399999999,0.556643252,0.6238834919999999,91.85110485996852,75.08511906924224,55.481839251278245,7.01246512851785,31.173150752790903,3.722640522025986,51.616156254975856,0.0,50.00088459565133,0.0,50.00088459565133,0.0,95.93793676910283,46.46286783548066,50.00088459565133,0.0,99.66827663075208,100.0,50.00088459565133,0.0,46.17412380800736,0.0,73.66027988606409,40.394309316601024,47.93269996284698,24.004239046469912,16.702050492719778,5.609914965499472,99.9972671506747,99.99766548101304,62.8174411688806,57.63548777669075,100.0,True,71.4,10,14,51.8,73,ghsl_change,ndbi_growth,ntl_growth_log,Steady Grower
8665951656,Koil,Uttar Pradesh,Aligarh,,27.77024,78.298155,2.244038,1.764185,1.9926016,2.1331391,8.0581665,12.79449,2.050706883839198,1.0,1.0,0.0,12.77038,,,,0.025582671,,,,,,,0.26980022,,,,,,0.0,0.0,28.04,148.33,462.0,4160.0,2.79278480523899,,470.1547834751461,6.155186667366048,,,,2023.0,-0.0104280099999999,4.736323499999999,4.746751509999999,99.08002052261912,100.0,98.13527236700104,75.83101027035393,95.274490030607,47.09359280535489,51.616156254975856,0.0,50.00088459565133,0.0,50.00088459565133,0.0,97.62220688923094,65.19423861838135,50.00088459565133,0.0,46.56776887284822,0.0,50.00088459565133,0.0,46.17412380800736,0.0,99.06232860959256,100.0,33.81455336765564,17.32486800860578,69.26737788157034,31.21913204684056,99.9972671506747,99.99766548101304,56.054784101615326,57.58152481998992,95.02487562189054,True,71.4,10,14,50.0,74,ghsl_change,ndbi_growth,ntl_growth_log,NTL Breakout
9045521282,Kaiserganj,Uttar Pradesh,Bahraich,,27.244977,81.5537023,2.7915165,2.8250012,2.7976553,4.142058,7.9030256,12.747634,1.895973219190325,1.0,1.0,0.0,19.963423,,,,,,,,,,,,,,,,,0.0,0.0,43.35,251.34,1170.0,5606.0,3.464255698519335,,356.65622968734016,5.8795722727931325,,,,2022.0,0.0030694,4.302788,4.299718599999999,98.06273552359217,91.40576644565624,97.80797197600975,69.51889310880173,95.24087539585656,46.89407633048296,51.616156254975856,0.0,50.00088459565133,0.0,50.00088459565133,0.0,98.33872936680643,78.20487899165485,50.00088459565133,0.0,46.56776887284822,0.0,50.00088459565133,0.0,46.17412380800736,0.0,98.8730251402084,96.103536457593,58.08785804008988,29.54245111370732,89.03985988004884,54.26049331462765,99.9972671506747,99.99766548101304,68.55264751862161,57.57974398052813,99.44444444444444,True,71.4,10,14,52.3,75,ghsl_change,ndbi_growth,ntl_growth_log,NTL Breakout
3745311767,Aryambavu,Kerala,Palakkad,,10.9779184,76.404788,0.89929163,0.88158876,1.1344064,1.661146,2.6377833,2.9938824,0.4648079173905509,0.0,1.0,1.0,11.255953,,,-0.13775948,-0.09563352,,,,,,0.6194613,0.6017378,,,,,,0.0,0.0,55.77,50.01,438.0,624.0,0.9716724454807426,,232.9156304946372,5.45496049690096,0.0421259599999999,-0.0177235,,2021.0,-0.01770287,0.65550653,0.6732094000000001,92.8506979459689,76.55650860275158,72.0397006528316,11.13674929408682,42.143906020558006,5.361847032026803,2.4963289280469896,58.53105811043105,50.00088459565133,0.0,50.00088459565133,0.0,93.19038267607876,29.907767932531875,50.00088459565133,0.0,46.56776887284822,0.0,50.00088459565133,0.0,95.73624896060012,100.0,75.93545990127912,41.141869566713225,72.72172390000532,39.45377587957024,26.486562992056328,9.226833824834657,99.9972671506747,99.99766548101304,65.31851752538645,57.424905091212736,100.0,True,71.4,10,14,46.5,76,ghsl_change,ntl_growth_log,ndbi_growth,Construction Boom
3829761478,Siddareddidinne,Karnataka,Kolar,,13.0380226,78.346631,1.0351422,1.2724366,1.793413,2.702181,6.874895,6.1564045,1.2377844299588885,1.0,1.0,0.0,3.4228122,,,,,,,,,,,,,,,,,0.0,0.0,24.31,72.77,1021.0,1779.0,2.462667992704985,,494.739978719832,6.206051552813004,,,,2023.0,0.55220928,-0.7184905000000006,-1.2706997800000006,99.18086442687049,100.0,95.0834173699202,42.66911377037083,82.2780107212993,18.828110927719525,51.616156254975856,0.0,50.00088459565133,0.0,50.00088459565133,0.0,97.185216637475,58.79778692995637,50.00088459565133,0.0,46.56776887284822,0.0,50.00088459565133,0.0,46.17412380800736,0.0,4.260212656794579,11.680896789563407,27.332236434725687,14.348278525782211,38.33395255028926,14.317809287943426,99.9972671506747,99.99766548101304,72.02230165246718,57.42043294426877,99.67105263157896,True,71.4,10,14,44.7,77,ghsl_change,ndbi_growth,ntl_growth_log,Urban Fringe Expansion
5647119198,Boggudupalli,Andhra Pradesh,Y.S.R.,,14.3991989,78.2633696,0.5259849,0.71070516,0.88697153,1.4119116,3.1254823,2.6176715,0.5207915595599584,1.0,1.0,0.0,3.7810287,,,,,,,,,,,,,,,,,0.0,0.0,50.09,171.8,912.0,4092.0,3.3977938963922525,,397.67046544492064,5.988135174505064,,,,2023.0,0.283404647,-0.5078107999999997,-0.7912154469999997,98.57049342745432,95.20236044333132,77.41627302160182,13.420514170370238,31.42614510907064,3.759911899356565,51.616156254975856,0.0,50.00088459565133,0.0,50.00088459565133,0.0,98.28565362772676,76.91709330401208,50.00088459565133,0.0,46.56776887284822,0.0,50.00088459565133,0.0,46.17412380800736,0.0,8.258585000796135,18.947735707204025,66.41190311908427,34.921060527710225,75.54800700599756,36.468920892146485,99.9972671506747,99.99766548101304,45.18329483536611,57.35708669252148,100.0,True,71.4,10,14,51.1,78,ghsl_change,ndbi_growth,ntl_growth_log,Steady Grower
10752279308,Sidaganahalli,Karnataka,Ramanagara,,13.0258442,77.2552367,1.0016063,1.1258179,1.2962836,1.7877316,3.188477,3.6860437,0.5743317842483521,1.0,1.0,0.0,3.4987142,,,,,,,,,,,,,,,,,0.0,0.0,31.62,26.14,812.0,4313.0,12.217899962018729,,268.0132303480919,5.594760561842529,,,,2023.0,0.2528841600000001,0.4975667000000001,0.24468254,95.42664048263538,81.44550916428884,81.31203227004936,15.604603662827246,57.56594660580648,8.309123423924818,51.616156254975856,0.0,50.00088459565133,0.0,50.00088459565133,0.0,99.93807830440706,100.0,50.00088459565133,0.0,46.56776887284822,0.0,50.00088459565133,0.0,46.17412380800736,0.0,47.43378801549812,34.64731813055123,40.17744988765635,20.181755501503464,11.444898536878794,3.887572651530336,99.9972671506747,99.99766548101304,57.64169979806,57.3153875613416,100.0,True,71.4,10,14,54.3,79,ghsl_change,ndbi_growth,ntl_growth_log,Urban Fringe Expansion
4142651215,Mullahalli,Karnataka,Kolar,,13.293062,78.0961866,0.8836966,1.1885163,1.1794349,2.0014462,2.701492,4.5155773,0.6720097797257559,1.0,1.0,0.0,4.1193285,,,,,,,,,,,,,,,,,0.0,0.0,18.09,59.35,1362.0,2309.0,3.134829437181944,,410.987289076364,6.020992497117203,,,,2023.0,0.33441674,1.8140853000000003,1.4796685600000004,98.6819524795216,96.35142620927714,85.79870141358386,19.58922428793844,69.4000672292695,11.841341702476615,51.616156254975856,0.0,50.00088459565133,0.0,50.00088459565133,0.0,98.03973603665764,71.8218076498218,50.00088459565133,0.0,46.56776887284822,0.0,50.00088459565133,0.0,46.17412380800736,0.0,92.5198591723723,53.36418509620884,17.00723599242786,9.384636010189034,31.555296074164502,11.31601268359722,99.9972671506747,99.99766548101304,49.94630691533086,57.175664178174905,99.56140350877192,True,71.4,10,14,49.6,80,ghsl_change,ndbi_growth,ntl_growth_log,Urban Fringe Expansion
11934784359,Kancherupalem,Andhra Pradesh,Vizianagaram,,17.959904,83.5294926,0.76303566,0.79394877,1.3237314,1.6087614,1.7647306,2.9768133,0.4076075349535261,1.0,1.0,0.0,1.5747212,,,,,,,,,,,,,,,,,0.0,0.0,18.07,64.99,758.0,4393.0,3.940799780234485,,290.1276776500852,5.6737619257580345,,,,2023.0,0.306695985,1.2120826999999998,0.905386715,96.41915680342515,84.20829552427051,64.2605664950551,8.803349406949055,41.69983900359146,5.289165482999219,51.616156254975856,0.0,50.00088459565133,0.0,50.00088459565133,0.0,98.66072218388976,87.4385534982564,50.00088459565133,0.0,46.56776887284822,0.0,50.00088459565133,0.0,46.17412380800736,0.0,83.73759354599014,44.660639696028994,16.96742918811811,9.368675744865584,34.51515312350725,12.57757250837461,99.9972671506747,99.99766548101304,75.77492961692857,57.166667985018,100.0,True,71.4,10,14,54.2,81,ghsl_change,ndbi_growth,ntl_growth_log,Urban Fringe Expansion
9527342083,Ramiyapuri,Tamil Nadu,Tiruchirappalli,,10.3558929,78.3418107,0.92678225,0.77665067,1.1527808,1.5338069,4.485363,4.116955,0.7845150266374861,0.0,1.0,1.0,2.6639223,,,,,,,,,,,,,,,,,0.0,0.0,35.15,60.14,123.0,1678.0,3.430548683422446,,344.2203117291036,5.844182797944937,,,,2023.0,0.219720408,-0.3684080000000005,-0.5881284080000005,97.87697043681334,90.16814783312086,89.26985474939406,24.178699379914622,64.37733312103038,10.14397709385997,51.616156254975856,0.0,50.00088459565133,0.0,50.00088459565133,0.0,98.31396068856924,77.55176080608516,50.00088459565133,0.0,46.56776887284822,0.0,50.00088459565133,0.0,95.73624896060012,100.0,11.37766926737788,22.02562730261844,46.00251225164977,22.99874233109252,31.97813279549917,11.492720531394053,99.9972671506747,99.99766548101304,68.56886811389884,57.111301698695925,99.84025559105432,True,71.4,10,14,47.2,82,ghsl_change,ndbi_growth,ntl_growth_log,Steady Grower
4413741822,Agasarahalli,Karnataka,Bangalore Rural,,13.1530797,77.94103,1.7047434,1.919016,2.513388,4.301206,6.2005043,6.0701127,1.0416894197463988,0.0,1.0,1.0,5.0166736,,,,,,,,,,,,,,,,,0.0,0.0,19.84,37.31,348.0,1958.0,5.492729107490004,,256.0719284790896,5.549355923087403,,,,2023.0,0.83837598,-0.1303916000000002,-0.9687675800000004,94.70834881375724,79.85764649438961,93.36376342373902,34.66972538862591,81.84102046954337,18.460673763933592,51.616156254975856,0.0,50.00088459565133,0.0,50.00088459565133,0.0,99.27286237460856,100.0,50.00088459565133,0.0,46.56776887284822,0.0,50.00088459565133,0.0,95.73624896060012,100.0,6.324858906993613,16.25683913103893,19.77159740282717,10.781159225990976,18.99757620791536,6.386087410885563,99.9972671506747,99.99766548101304,62.58431033175657,57.08615928705667,99.85875706214688,True,71.4,10,14,38.3,83,ghsl_change,ndbi_growth,ntl_growth_log,Urban Fringe Expansion
4964290954,Kussandra,Karnataka,Kolar,,13.4311874,78.2573533,0.64667755,0.7766386,0.822037,1.2893909,1.7567154,2.9122798,0.4210170217922755,1.0,1.0,0.0,1.9746907,,,,,,,,,,,,,,,,,0.0,0.0,35.38,81.84,972.0,1989.0,3.383778120321558,,350.344967132383,5.861768553164993,,,,2023.0,0.1973538449999999,1.1555643999999998,0.958210555,97.98312191497268,90.78314588181163,66.48443996249314,9.350368390791722,39.9943385878315,5.014376844806718,51.616156254975856,0.0,50.00088459565133,0.0,50.00088459565133,0.0,98.27857686251616,76.64551902754974,50.00088459565133,0.0,46.56776887284822,0.0,50.00088459565133,0.0,46.17412380800736,0.0,85.03794915344196,45.46121295749408,46.34308157741096,23.182285382312205,42.55435840277409,16.34659432530707,99.9972671506747,99.99766548101304,64.58194157474328,56.96051851956508,99.4517543859649,True,71.4,10,14,59.7,84,ghsl_change,ndbi_growth,ntl_growth_log,Steady Grower
9579447770,Chhatipahadi,Madhya Pradesh,Jhansi,,25.2360873,79.2974192,3.8941748,3.4402547,5.9239855,19.327917,7.7392645,16.799824,2.595120164326259,1.0,1.0,0.0,7.970434,,,,,,,,,,,,,,,,,0.0,0.0,79.6,47.79,1792.0,3511.0,3.604162860284661,,331.4090882617802,5.806366403948621,,,,2023.0,4.87849574,9.0605595,4.18206376,97.64166799356016,88.84565651982584,98.94202360101195,98.0394961776534,97.25067671567326,64.14861500880149,51.616156254975856,0.0,50.00088459565133,0.0,50.00088459565133,0.0,98.44311165366312,80.91576606895082,50.00088459565133,0.0,46.56776887284822,0.0,50.00088459565133,0.0,46.17412380800736,0.0,98.80048829679954,94.32041506797135,89.44588928400829,58.470432012461785,25.32066592360632,8.730262404443554,99.9972671506747,99.99766548101304,63.17581768376486,56.94950257263057,100.0,True,71.4,10,14,46.4,85,ghsl_change,ndbi_growth,ntl_growth_log,NTL Breakout
3771580319,Kallunagatihalli,Karnataka,Tumkur,,13.0674481,76.7326042,0.5285019,0.6008701,0.6919475,1.1819757,1.8605798,1.9758238,0.3287361911364964,0.0,1.0,1.0,2.0597084,,,,,,,,,,,,,,,,,0.0,0.0,47.63,65.9,598.0,1843.0,4.194639545404873,,273.8536796178027,5.616238881947827,,,,2023.0,0.20514988,0.1152439999999999,-0.0899058800000001,95.71148028236294,82.1966355611154,46.575730233710175,5.585916639542661,8.573501052668824,1.0268747107647709,51.616156254975856,0.0,50.00088459565133,0.0,50.00088459565133,0.0,98.80668046635884,92.357036086435,50.00088459565133,0.0,46.56776887284822,0.0,50.00088459565133,0.0,95.73624896060012,100.0,27.31454452169913,29.57645348595421,63.548466995736256,32.95794789292578,34.949489588309184,12.781122054570965,99.9972671506747,99.99766548101304,68.65707730685352,56.945049768794505,99.88023952095809,True,71.4,10,14,47.7,86,ghsl_change,ndbi_growth,ntl_growth_log,Steady Grower
